crop_type,polygon_ids
Rice,627
Rice,627
Rice,627
Rice,627
Rice,627
Rice,627
Rice,627
Rice,627
Rice,627
Rice,627
Rice,627
Rice,627
Rice,627
Rice,627
Rice,627
Rice,627
Rice,627
Rice,627
Rice,627
Rice,627
Rice,627
Rice,627
Rice,627
Rice,627
Rice,627
Rice,627
Rice,627
Rice,627
Rice,627
Rice,627
Rice,627
Rice,627
Rice,627
Rice,627
Rice,627
Rice,627
Rice,627
Rice,627
Rice,627
Rice,627
Rice,627
Rice,627
Rice,627
Rice,627
Rice,627
Rice,627
Rice,627
Rice,627
Rice,628
Rice,628
Rice,628
Rice,628
Rice,628
Rice,628
Rice,628
Rice,628
Rice,628
Rice,628
Rice,628
Rice,628
Rice,628
Rice,628
Rice,628
Rice,628
Rice,628
Rice,628
Rice,628
Rice,628
Rice,628
Rice,628
Rice,628
Rice,628
Rice,628
Rice,628
Rice,628
Rice,628
Beans,629
Beans,629
Beans,629
Beans,629
Beans,629
Beans,629
Beans,629
Beans,629
Beans,629
Beans,629
Beans,629
Beans,629
Beans,629
Beans,629
Beans,629
Beans,629
Beans,629
Beans,629
Beans,629
Beans,629
Beans,629
Beans,629
Beans,629
Beans,629
Beans,629
Beans,629
Beans,629
Beans,629
Beans,629
Beans,629
Beans,629
Beans,629
Beans,629
Beans,629
Beans,629
Beans,629
Beans,629
Beans,629
Beans,629
Beans,629
Beans,629
Beans,629
Beans,629
Beans,629
Beans,629
Beans,629
Beans,629
Beans,629
Rice,630
Rice,630
Rice,630
Rice,630
Rice,630
Rice,630
Rice,630
Rice,631
Rice,631
Rice,631
Rice,631
Rice,631
Rice,631
Rice,631
Rice,631
Rice,631
Rice,631
Rice,631
Rice,631
Rice,631
Rice,631
Rice,631
Beans,632
Beans,632
Beans,632
Beans,632
Beans,632
Beans,632
Beans,632
Beans,632
Beans,632
Beans,633
Beans,633
Beans,633
Beans,633
Beans,633
Beans,633
Beans,633
Beans,633
Beans,633
Beans,633
Beans,633
Beans,633
Beans,633
Beans,633
Beans,633
Beans,633
Beans,633
Beans,633
Rice,634
Rice,634
Rice,634
Rice,634
Rice,634
Rice,634
Rice,634
Rice,634
Rice,634
Rice,634
Rice,634
Rice,634
Rice,634
Rice,634
Rice,634
Rice,634
Rice,634
Rice,634
Rice,634
Rice,634
Rice,634
Rice,634
Rice,634
Rice,635
Rice,635
Rice,635
Rice,635
Rice,635
Rice,635
Rice,635
Rice,635
Rice,635
Rice,635
Rice,635
Rice,635
Rice,635
Rice,635
Rice,635
Rice,635
Rice,635
Rice,635
Rice,635
Rice,635
Rice,635
Rice,635
Rice,635
Rice,635
Rice,635
Rice,635
Rice,635
Rice,635
Rice,635
Rice,635
Rice,635
Rice,635
Rice,635
Rice,636
Rice,636
Rice,636
Rice,636
Rice,636
Rice,636
Rice,636
Rice,636
Rice,636
Rice,636
Rice,636
Rice,636
Rice,636
Rice,636
Rice,636
Rice,636
Rice,636
Rice,636
Rice,636
Maize,637
Maize,637
Maize,637
Maize,637
Maize,637
Maize,637
Maize,637
Maize,637
Maize,637
Maize,637
Maize,637
Maize,637
Maize,637
Maize,637
Maize,637
Maize,637
Maize,637
Maize,637
Maize,637
Maize,637
Maize,637
Maize,637
Maize,637
Maize,637
Maize,637
Maize,637
Maize,637
Maize,637
Maize,637
Maize,637
Maize,637
Maize,637
Beans,639
Beans,639
Beans,639
Beans,639
Maize,640
Maize,640
Maize,640
Maize,640
Maize,640
Maize,640
Maize,640
Maize,640
Maize,640
Maize,640
Maize,640
Maize,640
Maize,640
Maize,640
Maize,640
Maize,640
Rice,641
Rice,641
Rice,641
Rice,641
Rice,641
Rice,641
Rice,641
Rice,641
Rice,641
Rice,641
Rice,641
Rice,641
Rice,641
Rice,641
Rice,641
Rice,641
Rice,641
Rice,641
Beans,642
Beans,642
Beans,642
Beans,642
Beans,642
Beans,642
Beans,642
Beans,642
Beans,642
Beans,642
Beans,642
Beans,642
Beans,642
Beans,642
Beans,642
Beans,642
Beans,642
Beans,642
Beans,642
Beans,642
Beans,642
Beans,642
Rice,643
Rice,643
Rice,643
Rice,643
Rice,643
Rice,644
Rice,644
Rice,644
Rice,644
Rice,645
Rice,645
Rice,645
Rice,645
Rice,645
Rice,645
Rice,645
Rice,645
Rice,645
Rice,645
Rice,645
Rice,645
Rice,645
Rice,646
Rice,646
Rice,646
Rice,646
Rice,646
Rice,646
Maize / Beans,647
Maize / Beans,647
Maize / Beans,647
Maize / Beans,647
Maize / Beans,647
Maize / Beans,647
Maize,648
Maize,648
Maize,648
Maize,648
Maize,648
Maize,648
Maize,648
Maize,648
Maize,648
Maize,648
Maize,648
Maize,648
Maize,648
Maize,648
Maize,648
Maize,648
Maize,648
Maize,648
Maize,648
Maize,648
Maize,648
Maize,648
Maize,648
Maize,648
Maize,648
Maize / Beans,649
Maize / Beans,649
Maize / Beans,649
Maize / Beans,649
Maize / Beans,649
Maize / Beans,649
Maize / Beans,649
Maize / Beans,649
Maize / Beans,649
Maize / Beans,649
Maize / Beans,649
Maize / Beans,649
Maize / Beans,649
Maize / Beans,649
Sorghum,650
Sorghum,650
Sorghum,650
Sorghum,650
Sorghum,650
Sorghum,650
Sorghum,650
Sorghum,650
Sorghum,650
Sorghum,650
Sorghum,650
Sorghum,650
Sorghum,650
Rice,651
Rice,651
Rice,651
Rice,651
Rice,651
Rice,651
Rice,651
Rice,651
Rice,651
Beans,652
Beans,652
Beans,652
Beans,652
Beans,652
Beans,652
Beans,652
Beans,652
Beans,652
Beans,652
Beans,652
Beans,652
Beans,652
Beans,652
Beans,652
Beans,652
Beans,652
Beans,652
Beans,652
Beans,652
Beans,652
Maize / Beans,653
Maize / Beans,653
Maize / Beans,653
Maize / Beans,653
Maize / Beans,653
Maize / Beans,653
Maize / Beans,653
Maize / Beans,653
Maize / Beans,653
Maize / Beans,653
Maize / Beans,653
Maize / Beans,653
Maize / Beans,653
Maize / Beans,653
Maize / Beans,653
Maize / Beans,653
Maize / Beans,653
Maize / Beans,653
Groundnuts,654
Groundnuts,654
Groundnuts,654
Groundnuts,654
Groundnuts,654
Groundnuts,654
Groundnuts,654
Groundnuts,654
Groundnuts,654
Beans,655
Beans,655
Beans,655
Beans,655
Beans,655
Beans,655
Beans,655
Beans,655
Beans,655
Sorghum / Groundnuts,656
Sorghum / Groundnuts,656
Sorghum / Groundnuts,656
Sorghum / Groundnuts,656
Sorghum / Groundnuts,656
Sorghum / Groundnuts,656
Sorghum / Groundnuts,656
Sorghum / Groundnuts,656
Sorghum / Groundnuts,656
Sorghum / Groundnuts,656
Sorghum / Groundnuts,656
Sorghum / Groundnuts,656
Sorghum / Groundnuts,656
Maize / Beans,657
Maize / Beans,657
Maize / Beans,657
Maize / Beans,657
Maize / Beans,657
Maize / Beans,657
Maize / Beans,657
Maize / Beans,657
Maize / Beans,657
Maize / Beans,657
Maize / Beans,657
Rice,658
Rice,658
Rice,658
Rice,658
Rice,658
Rice,658
Rice,658
Rice,658
Rice,658
Rice,658
Rice,658
Rice,658
Rice,658
Rice,658
Rice,658
Rice,658
Rice,658
Maize / Beans,659
Maize / Beans,659
Maize / Beans,659
Maize / Beans,659
Maize / Beans,659
Maize / Beans,659
Maize / Beans,659
Maize / Beans,659
Maize / Beans,659
Maize / Beans,659
Maize / Beans,659
Maize / Beans,659
Maize / Beans,659
Maize / Beans,659
Maize / Beans,659
Maize / Beans,659
Maize / Beans,659
Maize / Beans,659
Maize / Beans,659
Maize / Beans,659
Maize / Beans,659
Maize / Beans,659
Maize / Beans,659
Maize / Beans,659
Maize / Beans,659
Groundnuts,660
Groundnuts,660
Groundnuts,660
Groundnuts,660
Groundnuts,660
Groundnuts,660
Groundnuts,660
Groundnuts,660
Groundnuts,660
Groundnuts,660
Rice,661
Rice,661
Rice,661
Rice,661
Rice,661
Rice,661
Rice,661
Beans,662
Beans,662
Beans,662
Beans,662
Beans,662
Beans,662
Beans,662
Beans,662
Beans,662
Beans,662
Beans,663
Beans,663
Beans,663
Rice,664
Rice,664
Rice,664
Rice,664
Rice,664
Beans,666
Beans,666
Beans,666
Beans,666
Beans,666
Beans,666
Beans,666
Beans,666
Beans,666
Beans,666
Beans,666
Beans,666
Beans,666
Beans,666
Beans,666
Beans,666
Beans,666
Maize,667
Maize,667
Maize,667
Maize,667
Maize,667
Maize,668
Maize,668
Maize,668
Maize,668
Maize,668
Maize,668
Maize,668
Maize,668
Maize,668
Maize,668
Maize,668
Sorghum,669
Sorghum,669
Sorghum,669
Sorghum,669
Sorghum,669
Sorghum,669
Sorghum,669
Sorghum,669
Sorghum,669
Sorghum,669
Sorghum,669
Sorghum,669
Sorghum,669
Sorghum,669
Other,670
Other,670
Other,670
Other,670
Other,671
Other,671
Groundnuts / Beans,672
Groundnuts / Beans,672
Groundnuts / Beans,672
Groundnuts / Beans,672
Groundnuts / Beans,672
Groundnuts / Beans,672
Groundnuts / Beans,672
Groundnuts / Beans,672
Groundnuts / Beans,672
Groundnuts / Beans,672
Groundnuts / Beans,672
Groundnuts / Beans,672
Groundnuts / Beans,672
Groundnuts / Beans,672
Groundnuts / Beans,672
Groundnuts / Beans,672
Groundnuts / Beans,672
Groundnuts / Beans,672
Groundnuts / Beans,672
Groundnuts / Beans,672
Groundnuts / Beans,672
Groundnuts / Beans,672
Groundnuts / Beans,672
Groundnuts / Beans,672
Groundnuts / Beans,672
Groundnuts / Beans,672
Groundnuts / Beans,672
Groundnuts / Beans,672
Groundnuts / Beans,672
Groundnuts / Beans,672
Groundnuts / Beans,672
Groundnuts / Beans,672
Beans,673
Beans,673
Beans,673
Beans,673
Beans,673
Beans,673
Beans,673
Beans,673
Beans,673
Beans,673
Beans,673
Beans,673
Beans,673
Beans,673
Beans,673
Beans,673
Beans,673
Beans,673
Beans,673
Beans,673
Beans,674
Beans,674
Beans,674
Beans,674
Beans,674
Beans,674
Beans,674
Beans,674
Beans,674
Beans,674
Beans,674
Beans,674
Beans,674
Beans,674
Beans,674
Beans,674
Beans,674
Sorghum,675
Sorghum,675
Sorghum,675
Sorghum,675
Sorghum,675
Sorghum,675
Sorghum,675
Sorghum,675
Sorghum,675
Sorghum,675
Sorghum,675
Sorghum,675
Sorghum,675
Sorghum,675
Sorghum,675
Sorghum,675
Sorghum,675
Sorghum,675
Sorghum,675
Sorghum,675
Sorghum,675
Sorghum,675
Beans,677
Beans,677
Beans,677
Beans,677
Beans,677
Beans,677
Beans,677
Beans,677
Beans,677
Beans,677
Sorghum,678
Sorghum,678
Sorghum,678
Sorghum,678
Sorghum,678
Sorghum,678
Sorghum,678
Sorghum,678
Sorghum,678
Sorghum,678
Sorghum,678
Sorghum,678
Sorghum,678
Rice,679
Rice,679
Rice,679
Rice,679
Rice,679
Maize,680
Maize,680
Maize,680
Maize,680
Maize,680
Maize,680
Maize,680
Maize,680
Maize,680
Beans,681
Beans,681
Beans,681
Beans,681
Beans,681
Beans,681
Beans,681
Beans,681
Beans,681
Beans,681
Beans,681
Groundnuts / Beans,682
Groundnuts / Beans,682
Groundnuts / Beans,682
Groundnuts / Beans,682
Groundnuts / Beans,682
Groundnuts / Beans,682
Groundnuts / Beans,682
Groundnuts / Beans,682
Groundnuts / Beans,682
Groundnuts / Beans,682
Groundnuts / Beans,682
Groundnuts / Beans,682
Groundnuts / Beans,682
Rice,683
Rice,683
Rice,683
Maize,684
Maize,684
Maize,684
Maize,684
Maize,684
Maize,684
Maize,684
Maize,684
Maize,684
Maize,684
Maize,684
Beans,686
Beans,686
Beans,686
Beans,686
Beans,686
Beans,686
Beans,686
Beans,686
Beans,686
Beans,686
Beans,686
Beans,686
Beans,686
Beans,687
Beans,687
Beans,687
Beans,687
Rice,689
Rice,689
Rice,689
Rice,689
Rice,689
Rice,689
Rice,689
Rice,689
Rice,689
Rice,689
Rice,689
Rice,689
Rice,689
Rice,689
Rice,689
Rice,689
Rice,689
Rice,689
Rice,689
Rice,689
Maize,692
Maize,692
Maize,692
Maize,692
Maize,692
Maize,693
Maize,693
Maize,693
Maize,693
Maize,693
Maize,693
Maize,693
Maize,693
Maize,693
Maize,693
Maize,693
Maize,693
Maize,693
Maize,693
Maize,693
Maize,693
Maize,693
Maize,693
Maize,693
Maize,693
Maize,696
Maize,696
Maize,696
Maize,696
Maize,696
Maize,696
Maize,696
Maize,696
Maize,696
Maize,696
Maize,696
Maize,696
Maize,696
Maize,696
Maize,696
Maize,696
Maize,696
Maize / Beans,697
Maize / Beans,697
Maize / Beans,697
Maize / Beans,697
Maize / Beans,697
Maize / Beans,697
Maize / Beans,697
Maize / Beans,697
Maize / Beans,697
Maize / Beans,697
Maize / Beans,697
Maize / Beans,697
Maize / Beans,697
Maize / Beans,697
Maize / Beans,697
Maize / Beans,697
Maize / Beans,697
Maize / Beans,697
Maize / Beans,697
Maize / Beans,697
Maize / Beans,697
Maize / Beans,697
Maize / Beans,697
Maize / Beans,697
Maize / Beans,697
Maize / Beans,697
Maize / Beans,697
Maize / Beans,697
Maize / Beans,697
Maize / Beans,697
Maize / Beans,697
Maize / Beans,697
Maize / Beans,697
Maize / Beans,697
Maize / Beans,697
Maize / Beans,697
Maize / Beans,697
Maize / Beans,697
Maize / Beans,697
Maize / Beans,697
Maize / Beans,697
Maize / Beans,697
Maize / Beans,697
Maize / Beans,697
Maize / Beans,697
Maize / Beans,697
Maize / Beans,697
Maize / Beans,697
Maize / Beans,697
Maize / Beans,697
Maize / Beans,697
Maize / Beans,697
Maize / Beans,697
Maize / Beans,697
Maize / Beans,697
Maize / Beans,697
Maize / Beans,697
Maize / Beans,697
Maize / Beans,697
Maize / Beans,698
Maize / Beans,698
Maize / Beans,698
Maize / Beans,698
Maize / Beans,698
Maize / Beans,698
Maize / Beans,698
Maize / Beans,698
Maize / Beans,698
Maize / Beans,699
Maize / Beans,699
Maize / Beans,699
Maize / Beans,699
Maize / Beans,699
Maize / Beans,699
Maize / Beans,699
Maize / Beans,699
Maize / Beans,699
Maize / Beans,699
Maize / Beans,699
Maize / Beans,699
Maize / Beans,699
Rice,700
Rice,700
Rice,700
Rice,700
Rice,700
Rice,700
Rice,700
Rice,700
Rice,700
Rice,700
Rice,700
Rice,700
Rice,700
Rice,700
Rice,700
Rice,700
Fallow,716
Fallow,716
Fallow,716
Fallow,716
Fallow,716
Fallow,716
Fallow,716
Fallow,716
Fallow,718
Fallow,718
Fallow,718
Fallow,719
Fallow,719
Fallow,719
Fallow,719
Fallow,719
Fallow,719
Fallow,719
Fallow,719
Fallow,719
Fallow,719
Fallow,719
Fallow,719
Fallow,719
Fallow,719
Fallow,719
Fallow,719
Fallow,719
Fallow,719
Fallow,719
Fallow,719
Fallow,719
Fallow,719
Fallow,720
Fallow,720
Fallow,720
Fallow,720
Fallow,720
Fallow,720
Fallow,720
Fallow,720
Fallow,720
Fallow,720
Fallow,720
Fallow,721
Fallow,721
Fallow,721
Fallow,721
Fallow,721
Fallow,721
Fallow,721
Fallow,721
Fallow,721
Fallow,722
Fallow,723
Fallow,723
Fallow,723
Maize,725
Maize,725
Maize,725
Maize,725
Maize,725
Maize,725
Maize,725
Maize,725
Maize,725
Maize,725
Maize,725
Maize,725
Maize,725
Maize,725
Maize,725
Maize,725
Maize,725
Maize,725
Maize,726
Maize,726
Maize,726
Maize,726
Maize,726
Maize,726
Maize,726
Maize,726
Maize,726
Maize,726
Maize,726
Maize,726
Maize,726
Maize,726
Maize,726
Maize,726
Maize,726
Maize,726
Maize,726
Maize,726
Maize,726
Maize,726
Maize,726
Maize,726
Maize,726
Maize,726
Maize,726
Maize,726
Maize,726
Maize,726
Maize,726
Maize,726
Maize,726
Maize,726
Maize,726
Maize,727
Maize,727
Maize,727
Maize,727
Maize,727
Maize,727
Maize,727
Maize,727
Maize,727
Maize,727
Maize,727
Maize,727
Maize,727
Maize,727
Maize,728
Maize,728
Maize,728
Maize,728
Maize,728
Maize,728
Maize,728
Maize,728
Maize,728
Maize,728
Maize,728
Maize,728
Maize,728
Maize,728
Maize,728
Maize,728
Maize,728
Maize,728
Maize,728
Maize,728
Maize,728
Maize,728
Maize,728
Maize,728
Maize,728
Maize,728
Maize,728
Maize,728
Maize,728
Maize,728
Maize,728
Maize,728
Maize,728
Maize,728
Maize,728
Maize,728
Maize,728
Maize,728
Maize,728
Beans,729
Beans,729
Beans,729
Beans,729
Beans,729
Beans,729
Beans,729
Beans,729
Beans,729
Beans,729
Beans,729
Beans,729
Beans,729
Beans,729
Beans,729
Beans,729
Beans,729
Beans,729
Beans,729
Beans,729
Beans,729
Beans,729
Beans,729
Beans,729
Beans,729
Beans,730
Beans,730
Beans,730
Beans,730
Beans,730
Beans,730
Beans,730
Beans,730
Beans,730
Maize,731
Maize,731
Maize,731
Maize,731
Maize,731
Maize,731
Maize,731
Maize,731
Maize,731
Maize,731
Maize,731
Maize,731
Maize,731
Maize,731
Maize,731
Maize,731
Maize,731
Maize,731
Maize,731
Maize,731
Maize,731
Maize,731
Maize,731
Maize,731
Maize,731
Maize,731
Maize,731
Maize,731
Maize,731
Maize,731
Maize,731
Maize,731
Maize,731
Maize,731
Maize,731
Maize,731
Maize,731
Maize,731
Maize,731
Maize,731
Maize,731
Maize,731
Maize,731
Maize,731
Maize,731
Maize,731
Maize,731
Maize,731
Maize,731
Maize,731
Maize,731
Maize,731
Maize,731
Maize,731
Maize,731
Maize,731
Maize,731
Maize,731
Maize,731
Maize,731
Maize,731
Maize,731
Maize,731
Maize,731
Maize,731
Maize,731
Maize,731
Maize,731
Maize,731
Maize,732
Maize,732
Maize,732
Maize,732
Maize,732
Maize,732
Maize,732
Maize,732
Maize,732
Maize,732
Maize,732
Maize,732
Maize,732
Maize,732
Maize,732
Maize,732
Maize,732
Maize,732
Maize,732
Maize,732
Maize,732
Maize,732
Maize,732
Maize,732
Maize,732
Maize,732
Maize,732
Maize,732
Maize,732
Maize,732
Maize,732
Maize,732
Maize,732
Maize,733
Maize,733
Maize,733
Maize,733
Maize,733
Maize,733
Maize,733
Maize,733
Maize,733
Maize,733
Maize,733
Maize,733
Maize,733
Maize,733
Maize,733
Maize,733
Maize,733
Maize,733
Maize,733
Maize,733
Maize,733
Maize,733
Maize,733
Maize,733
Maize,733
Maize,733
Maize,733
Maize,733
Maize,733
Maize,733
Maize,733
Maize,733
Maize,733
Maize,733
Maize,733
Maize,733
Maize,733
Maize,733
Maize,733
Maize,733
Maize,733
Maize,733
Maize,733
Maize,733
Maize,733
Maize,733
Maize,733
Maize,733
Maize,733
Maize,733
Maize,733
Maize,733
Maize,733
Maize,733
Maize,733
Maize,733
Maize,733
Maize,733
Maize,733
Maize,733
Maize,733
Maize,733
Maize,733
Maize,733
Maize,733
Maize,733
Maize,733
Maize,733
Maize,733
Maize,733
Maize,733
Maize,733
Maize,733
Maize,733
Maize,733
Maize,733
Maize,733
Maize,733
Maize,733
Maize,733
Maize,733
Maize,733
Maize,733
Maize,733
Maize,733
Maize,733
Maize,733
Maize,733
Maize,733
Maize,733
Maize,733
Maize,733
Maize,733
Maize,733
Maize,733
Maize,733
Maize,733
Maize,733
Maize,733
Maize,733
Maize,733
Maize,733
Maize,733
Maize,733
Maize,733
Maize,733
Maize,733
Maize,733
Maize,734
Maize,734
Maize,734
Maize,734
Maize,734
Maize,734
Maize,734
Maize,734
Maize,734
Rice,735
Rice,735
Rice,735
Rice,735
Rice,735
Rice,735
Rice,735
Rice,735
Rice,735
Rice,735
Rice,735
Rice,735
Rice,735
Rice,735
Rice,735
Rice,735
Rice,735
Rice,735
Rice,735
Rice,735
Rice,735
Rice,735
Rice,735
Rice,735
Sorghum,736
Sorghum,736
Sorghum,736
Sorghum,736
Sorghum,736
Sorghum,736
Sorghum,736
Sorghum,736
Sorghum,736
Sorghum,736
Sorghum,736
Sorghum,736
Sorghum,736
Rice,737
Rice,737
Rice,737
Rice,737
Rice,737
Rice,737
Rice,737
Rice,737
Rice,737
Rice,737
Rice,737
Rice,737
Rice,737
Rice,737
Sorghum,738
Sorghum,738
Sorghum,738
Sorghum,738
Sorghum,738
Sorghum,738
Sorghum,738
Sorghum,738
Sorghum,738
Sorghum,738
Sorghum,738
Sorghum,738
Sorghum,738
Sorghum,738
Sorghum,738
Sorghum,738
Sorghum,738
Sorghum,738
Sorghum,738
Sorghum,738
Sorghum,738
Sorghum,738
Sorghum,738
Sorghum,738
Sorghum,738
Rice,739
Rice,739
Rice,739
Rice,739
Rice,739
Rice,739
Rice,739
Rice,739
Rice,739
Rice,739
Rice,739
Rice,739
Rice,739
Rice,739
Rice,739
Rice,739
Rice,739
Rice,739
Rice,739
Rice,739
Rice,739
Rice,739
Rice,739
Rice,739
Rice,739
Rice,739
Rice,739
Rice,739
Rice,739
Rice,739
Rice,739
Rice,739
Rice,739
Rice,739
Rice,739
Rice,739
Rice,739
Rice,739
Rice,739
Rice,739
Rice,739
Rice,739
Rice,739
Rice,739
Rice,739
Rice,739
Rice,739
Rice,739
Rice,739
Rice,739
Rice,739
Rice,739
Rice,739
Rice,739
Rice,739
Rice,739
Rice,739
Rice,739
Rice,739
Rice,739
Rice,739
Rice,739
Fallow,740
Fallow,742
Fallow,742
Fallow,743
Fallow,744
Fallow,744
Fallow,745
Fallow,745
Fallow,745
Fallow,745
Fallow,745
Fallow,745
Fallow,745
Fallow,746
Fallow,747
Fallow,747
Fallow,748
Fallow,748
Fallow,749
Fallow,749
Fallow,749
Fallow,750
Fallow,750
Fallow,751
Fallow,751
Fallow,751
Fallow,751
Fallow,751
Fallow,751
Fallow,751
Fallow,751
Fallow,751
Fallow,753
Fallow,753
Fallow,753
Fallow,753
Fallow,754
Fallow,754
Fallow,755
Fallow,755
Fallow,755
Fallow,755
Fallow,755
Fallow,755
Fallow,755
Fallow,755
Fallow,756
Fallow,756
Fallow,756
Fallow,758
Fallow,758
Fallow,759
Fallow,759
Fallow,759
Fallow,759
Fallow,759
Fallow,759
Fallow,759
Fallow,759
Fallow,759
Fallow,760
Fallow,760
Fallow,760
Fallow,761
Fallow,761
Fallow,762
Fallow,762
Fallow,762
Fallow,763
Fallow,763
Fallow,763
Fallow,763
Fallow,763
Beans,764
Beans,764
Beans,764
Beans,764
Beans,764
Beans,764
Beans,764
Beans,764
Beans,764
Beans,764
Beans,764
Beans,764
Beans,764
Beans,764
Beans,764
Beans,764
Beans,764
Beans,764
Beans,764
Beans,764
Beans,764
Beans,764
Beans,765
Beans,765
Beans,765
Beans,765
Beans,765
Beans,765
Beans,765
Beans,765
Beans,765
Beans,765
Beans,765
Beans,765
Beans,765
Beans,765
Beans,765
Beans,765
Beans,765
Beans,765
Beans,765
Beans,765
Beans,765
Beans,765
Beans,765
Beans,765
Beans,765
Beans,765
Beans,765
Beans,765
Beans,765
Beans,765
Beans,765
Beans,765
Beans,765
Beans,765
Beans,765
Sorghum,766
Sorghum,766
Sorghum,766
Sorghum,766
Sorghum,766
Sorghum,766
Sorghum,766
Sorghum,766
Sorghum,766
Sorghum,766
Sorghum,766
Sorghum,766
Maize,767
Maize,767
Maize,767
Maize,767
Maize,767
Maize,767
Maize,767
Maize,767
Maize,767
Maize,767
Maize,767
Maize,767
Maize,767
Maize,767
Maize,767
Maize,767
Maize,767
Maize,767
Maize,767
Maize,767
Maize,767
Maize,767
Maize,767
Maize,767
Maize,767
Maize,767
Maize,767
Maize,767
Maize,767
Maize,767
Maize,767
Maize,767
Maize,767
Maize,767
Maize,767
Maize,767
Maize,767
Maize,767
Maize,767
Maize,767
Maize,767
Maize,767
Maize,767
Maize,767
Maize,767
Maize,767
Maize,767
Maize,767
Maize,767
Maize,767
Maize,767
Maize,767
Maize,767
Maize,767
Maize,767
Maize,767
Maize,767
Maize,767
Maize,767
Maize,767
Maize,767
Maize,767
Maize,767
Maize,767
Maize,767
Maize,767
Maize,767
Maize,767
Maize,767
Maize,767
Maize,767
Maize,767
Maize,767
Maize,767
Maize,768
Maize,768
Maize,768
Maize,768
Maize,768
Maize,768
Maize,768
Maize,768
Maize,768
Maize,768
Maize,768
Maize,768
Maize,768
Maize,768
Maize,768
Maize,768
Maize,768
Maize,768
Maize,768
Maize,768
Maize,768
Maize,768
Maize,768
Maize,768
Maize,768
Maize,768
Maize,768
Maize,768
Maize,768
Maize,768
Maize,768
Maize,768
Maize,768
Maize,768
Maize,768
Maize,768
Maize,768
Maize,768
Maize,768
Maize,768
Maize,768
Maize,768
Maize,768
Maize,768
Maize,768
Maize,768
Maize,768
Maize,768
Maize,768
Maize,768
Maize,768
Maize,768
Maize,769
Maize,769
Maize,769
Maize,769
Maize,769
Maize,769
Maize,769
Maize,769
Maize,769
Maize,769
Maize,769
Maize,769
Maize,769
Maize,769
Maize,769
Maize,769
Maize,769
Maize,769
Maize,769
Maize,769
Maize,769
Maize,769
Maize,769
Maize,769
Maize,769
Maize,769
Maize,769
Maize,769
Maize,769
Maize,769
Maize,769
Maize,769
Maize,769
Maize,769
Maize,769
Maize,769
Maize,769
Maize,769
Maize,769
Maize,769
Maize,769
Maize,769
Sorghum,770
Sorghum,770
Sorghum,770
Sorghum,770
Sorghum,770
Sorghum,770
Sorghum,770
Millet,771
Millet,771
Millet,771
Millet,771
Millet,771
Millet,771
Millet,771
Millet,771
Millet,771
Millet,771
Millet,771
Millet,771
Millet,771
Millet,771
Millet,771
Millet,771
Millet,771
Millet,771
Millet,771
Millet,771
Millet,771
Millet,771
Millet,771
Millet,771
Millet,771
Millet,771
Millet,771
Millet,771
Millet,771
Millet,771
Millet,771
Millet,771
Millet,771
Millet,771
Millet,771
Millet,771
Millet,771
Millet,771
Millet,771
Millet,771
Millet,771
Millet,771
Millet,771
Millet,771
Millet,771
Millet,771
Millet,771
Millet,771
Millet,771
Millet,771
Millet,771
Millet,771
Millet,771
Millet,771
Millet,771
Millet,771
Millet,771
Fallow,772
Fallow,772
Fallow,772
Fallow,772
Fallow,772
Fallow,772
Fallow,772
Fallow,772
Fallow,772
Fallow,772
Fallow,772
Fallow,772
Fallow,772
Fallow,772
Fallow,772
Fallow,772
Fallow,772
Fallow,772
Sorghum,773
Sorghum,773
Sorghum,773
Sorghum,773
Sorghum,773
Sorghum,773
Sorghum,774
Sorghum,774
Sorghum,774
Sorghum,774
Sorghum,774
Sorghum,774
Sorghum,774
Sorghum,774
Sorghum,774
Sorghum,774
Sorghum,774
Sorghum,774
Sorghum,774
Sorghum,774
Sorghum,774
Sorghum,774
Sorghum,774
Maize,776
Maize,776
Maize,776
Maize,776
Maize,776
Maize,776
Maize,776
Maize,776
Maize,776
Maize,776
Maize,776
Maize,776
Maize,776
Maize,776
Maize,776
Maize,776
Maize,776
Beans,777
Beans,777
Beans,777
Beans,777
Beans,777
Beans,777
Beans,777
Millet / Sorghum,778
Millet / Sorghum,778
Millet / Sorghum,778
Millet / Sorghum,778
Millet / Sorghum,778
Millet / Sorghum,778
Millet / Sorghum,778
Millet / Sorghum,778
Millet / Sorghum,778
Millet / Sorghum,778
Millet / Sorghum,778
Millet / Sorghum,778
Millet / Sorghum,778
Millet,779
Millet,779
Millet,779
Millet,779
Millet,779
Millet,779
Millet,779
Millet,779
Millet,779
Millet,779
Millet,779
Millet,779
Millet,779
Millet,779
Rice,780
Rice,780
Rice,780
Rice,780
Rice,780
Rice,780
Rice,780
Rice,781
Rice,781
Rice,781
Rice,781
Rice,781
Rice,781
Rice,781
Rice,781
Rice,781
Rice,781
Rice,781
Rice,781
Rice,781
Rice,781
Rice,781
Rice,781
Rice,781
Rice,781
Rice,781
Rice,782
Rice,782
Rice,782
Rice,782
Rice,782
Rice,782
Rice,782
Rice,782
Rice,782
Rice,782
Rice,782
Rice,782
Rice,782
Rice,782
Rice,782
Rice,782
Rice,782
Rice,782
Rice,782
Rice,782
Rice,782
Rice,782
Rice,782
Rice,782
Rice,782
Rice,782
Rice,782
Rice,782
Rice,782
Rice,782
Rice,782
Rice,782
Rice,782
Rice,782
Rice,782
Rice,782
Rice,782
Rice,782
Rice,782
Rice,782
Rice,782
Rice,782
Rice,782
Rice,782
Rice,782
Rice,782
Rice,782
Rice,782
Rice,782
Rice,782
Rice,782
Rice,782
Rice,782
Rice,782
Rice,782
Rice,782
Rice,782
Rice,782
Rice,782
Rice,782
Rice,782
Rice,782
Rice,782
Rice,782
Rice,782
Rice,782
Rice,782
Rice,782
Rice,782
Rice,782
Rice,783
Rice,783
Rice,783
Rice,783
Rice,783
Rice,783
Rice,783
Rice,783
Rice,783
Rice,783
Rice,783
Rice,783
Rice,783
Rice,783
Rice,783
Rice,783
Rice,783
Rice,783
Rice,783
Rice,783
Rice,783
Rice,783
Rice,783
Rice,783
Rice,783
Rice,783
Rice,783
Rice,783
Rice,783
Rice,783
Sorghum,784
Sorghum,784
Sorghum,784
Sorghum,784
Sorghum,784
Sorghum,784
Sorghum,784
Sorghum,784
Sorghum,784
Sorghum,784
Sorghum,784
Sorghum,784
Sorghum,784
Sorghum,784
Sorghum,784
Rice,785
Rice,785
Rice,785
Rice,785
Rice,785
Rice,785
Rice,785
Rice,785
Rice,785
Rice,785
Rice,785
Rice,785
Rice,785
Rice,785
Rice,785
Rice,785
Rice,785
Rice,785
Rice,785
Rice,785
Rice,785
Rice,785
Rice,785
Rice,785
Rice,785
Rice,785
Rice,785
Rice,785
Rice,785
Rice,785
Rice,785
Rice,785
Rice,785
Rice,785
Rice,785
Rice,785
Rice,785
Rice,785
Rice,785
Rice,785
Rice,785
Rice,785
Rice,785
Rice,785
Rice,785
Rice,785
Rice,785
Rice,785
Rice,785
Rice,785
Rice,785
Rice,785
Rice,785
Rice,785
Rice,785
Rice,785
Rice,785
Rice,785
Rice,785
Rice,785
Rice,785
Rice,785
Rice,785
Rice,785
Rice,785
Rice,785
Rice,785
Rice,785
Rice,785
Rice,785
Rice,785
Rice,785
Rice,785
Rice,785
Rice,785
Rice,785
Rice,785
Rice,785
Rice,785
Rice,785
Rice,785
Rice,785
Rice,785
Rice,785
Rice,785
Rice,786
Rice,786
Rice,786
Rice,786
Rice,786
Rice,786
Rice,786
Rice,786
Rice,786
Rice,786
Rice,787
Rice,787
Rice,787
Rice,787
Rice,787
Rice,787
Rice,787
Rice,787
Rice,787
Rice,787
Rice,787
Rice,787
Rice,788
Rice,788
Rice,788
Rice,788
Rice,788
Rice,788
Rice,788
Rice,788
Rice,788
Rice,788
Rice,788
Rice,788
Rice,788
Rice,788
Rice,788
Rice,788
Rice,788
Rice,788
Rice,788
Rice,788
Rice,788
Rice,788
Rice,788
Rice,788
Rice,788
Rice,788
Rice,789
Rice,789
Rice,789
Rice,789
Rice,789
Rice,789
Rice,789
Rice,789
Rice,789
Rice,789
Rice,789
Rice,789
Rice,789
Rice,789
Rice,789
Rice,789
Rice,789
Rice,789
Rice,789
Rice,789
Rice,789
Rice,789
Rice,789
Rice,790
Rice,790
Rice,790
Rice,790
Rice,790
Rice,790
Rice,790
Rice,790
Rice,790
Rice,790
Rice,790
Rice,790
Rice,790
Rice,790
Rice,790
Rice,790
Rice,790
Rice,790
Rice,790
Rice,790
Rice,790
Rice,790
Rice,790
Rice,790
Rice,790
Rice,790
Rice,790
Rice,790
Rice,790
Rice,790
Rice,790
Rice,790
Rice,790
Rice,790
Rice,790
Rice,790
Rice,790
Rice,790
Rice,790
Rice,790
Rice,790
Rice,790
Rice,790
Rice,790
Rice,790
Rice,790
Rice,790
Rice,790
Rice,790
Rice,790
Rice,790
Rice,790
Rice,790
Rice,790
Rice,790
Rice,790
Rice,790
Rice,790
Rice,790
Rice,790
Rice,790
Rice,790
Rice,790
Rice,790
Rice,790
Rice,790
Rice,790
Rice,790
Rice,790
Rice,790
Rice,790
Rice,790
Rice,790
Rice,790
Rice,790
Rice,790
Rice,790
Rice,790
Rice,790
Rice,790
Rice,790
Rice,790
Rice,790
Rice,790
Rice,790
Rice,790
Rice,790
Rice,790
Rice,790
Rice,790
Rice,790
Rice,790
Rice,790
Rice,790
Rice,790
Rice,790
Rice,790
Rice,790
Rice,790
Rice,790
Rice,790
Rice,790
Rice,790
Rice,790
Rice,790
Rice,790
Rice,790
Rice,790
Rice,790
Rice,790
Rice,790
Rice,790
Rice,790
Rice,790
Rice,790
Rice,790
Rice,790
Rice,790
Rice,790
Rice,790
Rice,790
Rice,790
Rice,790
Rice,790
Rice,790
Rice,790
Rice,790
Rice,790
Rice,790
Rice,790
Rice,790
Rice,790
Rice,790
Rice,790
Rice,790
Rice,790
Rice,790
Rice,790
Rice,790
Rice,790
Fallow,801
Fallow,801
Fallow,801
Fallow,801
Fallow,801
Fallow,802
Fallow,802
Fallow,802
Fallow,803
Fallow,803
Fallow,803
Fallow,803
Fallow,803
Fallow,805
Fallow,807
Maize,808
Maize,808
Maize,808
Maize,808
Maize,808
Maize,808
Maize,808
Maize,808
Maize,808
Maize,808
Maize,808
Maize,808
Maize,808
Maize,808
Maize,808
Maize,808
Maize,808
Maize,808
Maize,808
Maize,808
Maize,808
Maize,808
Maize,808
Maize,808
Sorghum,809
Sorghum,809
Sorghum,809
Sorghum,809
Sorghum,809
Sorghum,809
Sorghum,809
Sorghum,809
Sorghum,809
Sorghum,809
Sorghum,809
Sorghum,809
Sorghum,809
Sorghum,809
Sorghum,809
Sorghum,809
Sorghum,809
Sorghum,809
Sorghum,809
Sorghum,809
Sorghum,809
Sorghum,809
Sorghum,809
Sorghum,809
Sorghum,809
Sorghum,809
Sorghum,809
Fallow,821
Fallow,822
Fallow,823
Fallow,823
Fallow,824
Fallow,824
Fallow,824
Fallow,824
Fallow,825
Fallow,825
Fallow,825
Fallow,825
Fallow,826
Fallow,826
Fallow,827
Fallow,827
Fallow,828
Fallow,828
Fallow,828
Fallow,829
Fallow,829
Fallow,830
Fallow,830
Fallow,830
Fallow,831
Fallow,831
Fallow,831
Maize,832
Maize,832
Maize,832
Maize,832
Maize,832
Maize,832
Maize,832
Maize,832
Maize,832
Maize,832
Maize,832
Maize,832
Maize,832
Maize,832
Maize,832
Maize,832
Maize,832
Maize,832
Maize,832
Maize,832
Maize,832
Maize,832
Maize,832
Maize,832
Maize,832
Maize,832
Maize,832
Maize,832
Maize,832
Maize,832
Maize,832
Maize,832
Maize,832
Maize,832
Maize,832
Maize,832
Maize,832
Maize,832
Maize,832
Maize,832
Maize,832
Maize,832
Maize,832
Maize,832
Maize,832
Maize,832
Maize,832
Maize,832
Maize,832
Maize,832
Maize,832
Maize,832
Maize,832
Maize,832
Maize,832
Maize,832
Maize,832
Maize,832
Maize,832
Maize,832
Maize,832
Maize,832
Maize,832
Maize,832
Maize,832
Maize,832
Maize,832
Maize,832
Maize,832
Maize,832
Maize,832
Maize,832
Maize,832
Maize,832
Maize,832
Maize,832
Maize,832
Maize,832
Maize,832
Maize,832
Maize,832
Maize,832
Maize,832
Maize,832
Maize,832
Maize,832
Maize,832
Maize,832
Maize,832
Maize,832
Maize,832
Maize,832
Maize,832
Maize,832
Maize,832
Maize,832
Maize,832
Maize,832
Maize,832
Maize,832
Maize,832
Maize,832
Maize,832
Maize,832
Maize,832
Maize,832
Maize,832
Maize,832
Maize,832
Maize,832
Maize,832
Maize,832
Maize,832
Maize,832
Maize,832
Maize,832
Maize,832
Maize,832
Maize,832
Maize,832
Maize,832
Maize,832
Maize,832
Maize,832
Maize,832
Maize,832
Maize,832
Maize,832
Maize,832
Maize,832
Maize,832
Maize,832
Maize,832
Maize,832
Maize,832
Maize,832
Maize,832
Maize,832
Maize,832
Maize,832
Maize,832
Maize,832
Maize,832
Maize,832
Maize,832
Maize,832
Maize,833
Maize,833
Maize,833
Maize,833
Maize,833
Maize,833
Maize,833
Maize,833
Maize,833
Maize,833
Maize,833
Maize,833
Maize,833
Maize,833
Maize,833
Maize,833
Maize,833
Maize,833
Maize,833
Maize,833
Maize,833
Maize,833
Maize,833
Maize,833
Maize,833
Maize,833
Maize,833
Maize,833
Maize,833
Maize,833
Maize,833
Maize,833
Maize,833
Maize,833
Maize,833
Maize,833
Maize,833
Maize,833
Maize,833
Maize,833
Maize,833
Maize,833
Maize,833
Maize,833
Maize,833
Maize,833
Maize,833
Maize,833
Maize,833
Maize,833
Maize,833
Maize,833
Maize,833
Maize,833
Maize,833
Maize,833
Maize,833
Maize,833
Maize,833
Maize,833
Maize,833
Maize,833
Maize,833
Maize,833
Maize,833
Maize,833
Maize,833
Maize,833
Maize,833
Maize,833
Maize,833
Maize,833
Maize,833
Maize,833
Maize,833
Maize,833
Maize,833
Maize,833
Maize,833
Maize,833
Maize,833
Maize,833
Maize,833
Maize,833
Maize,833
Maize,833
Maize,833
Maize,833
Maize,833
Maize,833
Maize,833
Maize,833
Beans,834
Beans,834
Beans,834
Beans,834
Beans,834
Beans,834
Beans,834
Beans,834
Beans,834
Beans,834
Beans,834
Beans,834
Beans,834
Beans,834
Beans,835
Beans,835
Beans,835
Beans,835
Beans,835
Beans,835
Beans,835
Beans,835
Beans,835
Beans,835
Beans,835
Beans,835
Beans,835
Beans,835
Beans,835
Beans,835
Beans,835
Beans,835
Beans,835
Beans,835
Beans,835
Beans,835
Beans,835
Beans,835
Beans,835
Beans,835
Beans,835
Beans,835
Millet,836
Millet,836
Millet,836
Millet,836
Millet,836
Millet,836
Maize,837
Maize,837
Maize,837
Maize,837
Maize,837
Maize,837
Maize,837
Maize,837
Maize,837
Maize,837
Maize,837
Maize,837
Maize,837
Maize,837
Maize,837
Maize,837
Maize,837
Maize,837
Maize,837
Maize,837
Maize,837
Maize,837
Maize,837
Maize,837
Maize,837
Maize,837
Maize,837
Maize,837
Maize,837
Maize,837
Maize,837
Maize,837
Maize,837
Maize,837
Maize,837
Maize,837
Maize,837
Maize,837
Maize,837
Maize,837
Maize,837
Maize,837
Maize,837
Maize,837
Maize,837
Maize,837
Maize,837
Maize,837
Maize,837
Maize,837
Maize,837
Maize,837
Maize,837
Maize,837
Maize,837
Maize,837
Maize,837
Maize,837
Maize,837
Maize,837
Maize,837
Maize,837
Maize,837
Maize,837
Maize,837
Maize,837
Maize / Beans,839
Maize / Beans,839
Maize / Beans,839
Maize / Beans,839
Maize / Beans,839
Maize / Beans,839
Maize / Beans,839
Maize / Beans,839
Maize / Beans,839
Maize / Beans,839
Maize / Beans,839
Maize / Beans,839
Maize / Beans,839
Maize / Beans,839
Maize / Beans,839
Maize / Beans,839
Maize / Beans,839
Maize / Beans,839
Maize / Beans,839
Maize / Beans,839
Maize / Beans,839
Maize / Beans,839
Maize / Beans,839
Maize / Beans,839
Maize / Beans,839
Maize / Beans,839
Maize / Beans,839
Maize / Beans,839
Maize / Beans,839
Maize / Beans,839
Maize / Beans,839
Maize / Beans,839
Maize / Beans,839
Maize / Beans,839
Maize / Beans,839
Maize / Beans,839
Maize / Beans,839
Maize / Beans,839
Maize / Beans,839
Maize / Beans,839
Maize / Beans,839
Maize / Beans,839
Maize / Beans,839
Maize / Beans,839
Maize / Beans,839
Maize / Beans,839
Maize / Beans,839
Maize / Beans,839
Maize / Beans,839
Maize / Beans,839
Maize / Beans,839
Maize / Beans,839
Maize / Beans,839
Maize / Beans,839
Maize / Beans,839
Maize / Beans,839
Maize / Beans,839
Maize / Beans,839
Maize / Beans,839
Maize / Beans,839
Maize / Beans,839
Maize / Beans,839
Maize / Beans,839
Maize / Beans,839
Maize / Beans,839
Maize / Beans,839
Maize / Beans,839
Maize / Beans,839
Maize / Beans,839
Maize / Beans,839
Maize / Beans,839
Maize / Beans,839
Maize / Beans,839
Maize / Beans,839
Maize / Beans,839
Maize / Beans,839
Maize / Beans,839
Maize / Beans,839
Maize / Beans,839
Maize / Beans,839
Maize / Beans,839
Maize / Beans,839
Maize / Beans,839
Maize / Beans,839
Maize / Beans,839
Maize / Beans,839
Maize / Beans,839
Maize / Beans,839
Maize / Beans,839
Maize / Beans,839
Maize / Beans,839
Maize / Beans,839
Maize / Beans,839
Maize / Beans,839
Maize / Beans,839
Maize / Beans,839
Maize / Beans,839
Maize / Beans,839
Maize / Beans,839
Maize / Beans,839
Maize / Beans,839
Maize / Beans,839
Maize / Beans,839
Maize / Beans,839
Maize / Beans,839
Maize / Beans,839
Maize / Beans,839
Maize / Beans,839
Maize / Beans,839
Maize / Beans,839
Maize / Beans,839
Maize / Beans,839
Maize / Beans,839
Maize / Beans,839
Maize / Beans,839
Maize / Beans,839
Maize / Beans,839
Maize / Beans,839
Maize / Beans,839
Maize / Beans,839
Maize / Beans,839
Maize / Beans,839
Maize / Beans,839
Maize / Beans,839
Maize / Beans,839
Maize / Beans,839
Maize / Beans,839
Maize / Beans,839
Maize / Beans,839
Maize / Beans,839
Maize / Beans,839
Maize / Beans,839
Maize / Beans,839
Maize / Beans,839
Maize / Beans,839
Maize / Beans,839
Maize / Beans,839
Maize / Beans,839
Maize / Beans,839
Rice,1176
Rice,1176
Rice,1176
Rice,1176
Rice,1176
Rice,1176
Rice,1176
Rice,1176
Rice,1177
Rice,1177
Rice,1177
Rice,1177
Sorghum,1178
Sorghum,1178
Sorghum,1178
Sorghum,1178
Sorghum,1178
Sorghum,1178
Sorghum,1178
Sorghum,1178
Sorghum,1178
Sorghum,1178
Sorghum,1178
Sorghum,1178
Sorghum,1178
Sorghum,1178
Sorghum,1178
Sorghum,1178
Sorghum,1178
Sorghum,1178
Sorghum,1178
Sorghum,1178
Maize,1179
Maize,1179
Maize,1179
Sorghum,1180
Sorghum,1180
Rice,1181
Groundnuts,1182
Groundnuts,1182
Groundnuts,1182
Groundnuts,1182
Maize,1183
Maize,1183
Maize,1183
Maize,1183
Maize,1183
Maize,1183
Maize,1183
Maize,1183
Maize,1183
Maize,1183
Maize,1183
Maize,1183
Maize,1183
Maize,1183
Maize,1183
Maize,1184
Maize,1184
Maize,1184
Groundnuts,1185
Groundnuts,1185
Groundnuts,1185
Sorghum,1186
Sorghum,1186
Sorghum,1186
Sorghum,1186
Sorghum,1186
Sorghum,1186
Sorghum,1186
Sorghum,1186
Sorghum,1186
Sorghum,1186
Sorghum,1186
Sorghum,1186
Sorghum,1186
Beans,1187
Beans,1187
Beans,1187
Beans,1187
Maize,1188
Maize,1188
Maize,1188
Maize,1188
Maize,1188
Maize,1188
Maize,1188
Maize,1188
Maize,1188
Maize,1188
Maize,1188
Maize,1188
Maize,1188
Groundnuts,1189
Groundnuts,1189
Groundnuts,1189
Groundnuts,1189
Groundnuts,1189
Groundnuts,1189
Groundnuts / Beans,1190
Beans,1191
Beans,1191
Beans,1191
Beans,1191
Maize / Beans,1192
Groundnuts,1193
Groundnuts,1193
Groundnuts,1193
Groundnuts,1193
Groundnuts,1193
Groundnuts,1193
Groundnuts,1193
Groundnuts,1193
Groundnuts,1193
Groundnuts,1193
Groundnuts,1193
Groundnuts,1193
Groundnuts,1193
Groundnuts,1193
Sorghum,1194
Sorghum,1194
Sorghum,1194
Sorghum,1194
Sorghum,1194
Sorghum,1194
Sorghum,1194
Sorghum,1194
Sorghum,1194
Sorghum,1194
Sorghum,1194
Sorghum,1194
Sorghum,1194
Sorghum,1194
Sorghum,1194
Sorghum,1194
Sorghum,1194
Beans,1195
Beans,1195
Beans,1195
Beans,1195
Beans,1195
Beans,1195
Beans,1195
Beans,1195
Beans,1195
Beans,1195
Beans,1195
Beans,1195
Groundnuts,1196
Millet,1197
Millet,1197
Millet,1197
Millet,1197
Rice,1198
Rice,1198
Rice,1198
Rice,1198
Rice,1198
Rice,1198
Rice,1198
Rice,1198
Rice,1198
Rice,1198
Rice,1198
Rice,1198
Rice,1198
Rice,1198
Sorghum,1199
Sorghum,1199
Sorghum,1199
Sorghum,1199
Sorghum,1199
Sorghum,1199
Sorghum,1199
Sorghum,1199
Sorghum,1199
Sorghum,1199
Sorghum,1199
Sorghum,1199
Sorghum,1199
Sorghum,1199
Sorghum,1199
Sorghum,1199
Sorghum,1199
Sorghum,1199
Sorghum,1199
Sorghum,1199
Sorghum,1199
Sorghum,1199
Sorghum,1199
Sorghum,1199
Sorghum,1199
Sorghum,1199
Maize / Beans,1200
Maize / Beans,1200
Maize / Beans,1200
Maize / Beans,1200
Maize / Beans,1200
Maize,1201
Maize,1201
Maize,1201
Maize,1201
Maize,1201
Maize,1201
Maize,1201
Maize,1201
Maize,1201
Maize,1201
Maize,1201
Maize,1201
Maize,1201
Maize,1201
Maize,1201
Beans,1202
Beans,1202
Beans,1202
Groundnuts,1203
Groundnuts,1203
Groundnuts,1203
Groundnuts,1203
Groundnuts,1203
Beans,1204
Beans,1204
Beans,1204
Beans,1204
Maize,1205
Maize,1205
Maize,1205
Maize,1205
Maize,1205
Maize,1205
Maize,1205
Maize,1205
Maize,1205
Other,1206
Other,1206
Other,1206
Other,1206
Other,1206
Other,1206
Other,1206
Other,1206
Other,1206
Other,1206
Other,1206
Other,1206
Other,1206
Other,1206
Other,1206
Other,1206
Maize,1207
Maize,1207
Maize,1207
Maize,1207
Maize,1207
Maize,1207
Maize,1207
Maize,1207
Maize,1207
Maize,1207
Maize,1207
Maize,1207
Maize,1207
Maize,1207
Maize,1207
Maize,1207
Maize,1207
Maize,1207
Maize,1207
Maize,1207
Maize,1207
Maize,1207
Maize,1207
Maize,1207
Maize,1207
Maize,1207
Maize,1207
Maize,1207
Maize,1207
Maize,1207
Maize,1207
Maize,1207
Maize,1207
Maize,1207
Maize,1207
Maize,1207
Maize,1207
Maize,1207
Maize,1207
Maize,1207
Maize,1207
Maize,1207
Beans,1208
Beans,1208
Beans,1208
Beans,1208
Beans,1208
Beans,1208
Beans,1208
Maize,1209
Maize,1209
Maize,1209
Maize,1209
Maize,1209
Sorghum,1210
Sorghum,1210
Sorghum,1210
Sorghum,1210
Sorghum,1210
Sorghum,1210
Sorghum,1210
Beans,1211
Beans,1211
Beans,1211
Beans,1211
Beans,1211
Beans,1211
Beans,1211
Beans,1211
Beans,1211
Beans,1211
Beans,1211
Beans,1211
Beans,1211
Beans,1211
Beans,1211
Beans,1211
Beans,1211
Beans,1211
Groundnuts,1212
Groundnuts,1212
Groundnuts,1212
Groundnuts,1212
Groundnuts,1212
Groundnuts,1212
Groundnuts,1212
Groundnuts,1212
Groundnuts,1212
Groundnuts,1212
Groundnuts,1212
Groundnuts,1212
Groundnuts,1212
Groundnuts,1212
Groundnuts,1212
Sorghum,1213
Sorghum,1213
Sorghum,1213
Sorghum,1213
Sorghum,1213
Sorghum,1213
Sorghum,1213
Sorghum,1213
Sorghum,1213
Sorghum,1213
Sorghum,1213
Sorghum,1213
Sorghum,1213
Sorghum,1213
Sorghum,1213
Sorghum,1213
Sorghum,1213
Sorghum,1213
Sorghum,1213
Sorghum,1213
Sorghum,1213
Sorghum,1213
Sorghum,1213
Sorghum,1213
Sorghum,1213
Sorghum,1213
Sorghum,1213
Sorghum,1213
Sorghum,1213
Sorghum,1213
Sorghum,1213
Sorghum,1213
Sorghum,1213
Sorghum,1213
Sorghum,1213
Rice,1214
Rice,1214
Rice,1214
Rice,1214
Rice,1214
Rice,1214
Rice,1214
Rice,1214
Rice,1214
Rice,1214
Rice,1214
Rice,1214
Rice,1214
Rice,1214
Rice,1214
Rice,1214
Rice,1214
Rice,1214
Rice,1214
Rice,1214
Rice,1214
Rice,1214
Rice,1214
Rice,1214
Rice,1214
Rice,1214
Rice,1214
Rice,1214
Rice,1214
Rice,1214
Rice,1214
Rice,1214
Rice,1214
Rice,1214
Maize,1215
Maize,1215
Maize,1215
Maize,1215
Maize,1215
Maize,1215
Maize,1215
Maize,1215
Maize,1215
Maize,1215
Maize,1215
Maize,1215
Maize,1215
Maize,1215
Maize,1215
Maize,1215
Maize,1215
Maize,1215
Maize,1215
Maize,1215
Maize,1215
Maize,1215
Maize,1215
Maize,1215
Maize,1215
Maize,1215
Maize,1215
Maize,1215
Maize,1215
Maize,1215
Maize,1215
Maize,1215
Maize,1215
Beans,1216
Beans,1216
Beans,1216
Beans,1216
Beans,1216
Beans,1216
Beans,1216
Beans,1216
Beans,1216
Beans,1216
Beans,1216
Beans,1216
Beans,1216
Beans,1216
Beans,1216
Beans,1216
Beans,1216
Beans,1216
Beans,1216
Beans,1216
Beans,1216
Beans,1216
Beans,1216
Beans,1216
Beans,1216
Beans,1216
Beans,1216
Beans,1216
Beans,1216
Beans,1216
Beans,1216
Beans,1216
Beans,1216
Beans,1216
Beans,1216
Beans,1216
Beans,1216
Beans,1216
Beans,1216
Beans,1216
Beans,1216
Beans,1216
Beans,1216
Beans,1216
Beans,1216
Beans,1216
Beans,1216
Beans,1216
Beans,1216
Beans,1216
Beans,1216
Beans,1216
Beans,1216
Beans,1216
Beans,1216
Beans,1216
Beans,1216
Beans,1216
Beans,1216
Beans,1216
Beans,1216
Beans,1216
Beans,1216
Beans,1216
Beans,1216
Beans,1216
Beans,1216
Beans,1216
Beans,1216
Beans,1216
Beans,1216
Beans,1216
Beans,1216
Beans,1216
Beans,1216
Beans,1216
Beans,1216
Beans,1216
Beans,1216
Beans,1216
Beans,1216
Beans,1216
Beans,1216
Beans,1216
Beans,1216
Beans,1216
Beans,1216
Beans,1216
Beans,1216
Beans,1216
Beans,1216
Beans,1216
Beans,1216
Beans,1216
Beans,1216
Beans,1216
Beans,1216
Beans,1216
Beans,1216
Beans,1216
Beans,1216
Beans,1216
Beans,1216
Beans,1216
Beans,1216
Beans,1216
Beans,1216
Beans,1216
Beans,1216
Beans,1216
Beans,1216
Sorghum,1217
Sorghum,1217
Sorghum,1217
Sorghum,1217
Sorghum,1217
Sorghum,1217
Sorghum,1217
Sorghum,1217
Sorghum,1217
Sorghum,1217
Sorghum,1217
Sorghum,1217
Sorghum,1217
Sorghum,1217
Sorghum,1217
Sorghum,1217
Sorghum,1217
Sorghum,1217
Sorghum,1217
Sorghum,1217
Sorghum,1217
Groundnuts,1218
Groundnuts,1218
Groundnuts,1218
Groundnuts,1218
Groundnuts,1218
Groundnuts,1218
Groundnuts,1218
Groundnuts,1218
Groundnuts,1218
Groundnuts,1218
Groundnuts,1218
Groundnuts,1218
Groundnuts,1218
Groundnuts,1218
Groundnuts,1218
Groundnuts,1218
Groundnuts,1218
Groundnuts,1218
Groundnuts,1218
Groundnuts,1218
Groundnuts,1218
Groundnuts,1218
Maize,1219
Maize,1219
Maize,1219
Maize,1219
Maize,1219
Maize,1219
Maize,1219
Maize,1219
Maize,1219
Maize,1219
Maize,1219
Maize,1219
Maize,1219
Maize,1219
Maize,1219
Maize,1219
Maize,1219
Maize,1219
Maize,1219
Maize,1219
Maize,1219
Maize,1219
Maize,1219
Maize,1219
Other,1220
Other,1220
Other,1220
Other,1220
Other,1220
Other,1220
Other,1220
Rice,1221
Rice,1221
Rice,1221
Rice,1221
Rice,1221
Rice,1221
Rice,1221
Rice,1221
Rice,1221
Rice,1221
Rice,1221
Rice,1221
Rice,1221
Rice,1221
Rice,1221
Rice,1221
Rice,1221
Rice,1221
Rice,1221
Rice,1222
Rice,1222
Rice,1222
Rice,1222
Rice,1222
Rice,1222
Rice,1222
Rice,1222
Rice,1222
Rice,1222
Rice,1222
Rice,1222
Rice,1222
Rice,1222
Rice,1222
Maize / Beans,1223
Maize / Beans,1223
Maize / Beans,1223
Maize / Beans,1223
Maize / Beans,1223
Maize / Beans,1223
Maize / Beans,1223
Maize / Beans,1223
Maize / Beans,1223
Maize / Beans,1223
Maize / Beans,1223
Maize / Beans,1223
Maize / Beans,1223
Maize / Beans,1223
Maize / Beans,1223
Maize / Beans,1223
Maize / Beans,1223
Maize / Beans,1223
Maize / Beans,1223
Rice,1224
Rice,1224
Rice,1224
Rice,1224
Rice,1224
Rice,1224
Rice,1224
Rice,1224
Rice,1224
Rice,1224
Rice,1224
Rice,1224
Other,1225
Other,1225
Other,1226
Other,1226
Other,1226
Other,1226
Other,1226
Other,1226
Other,1226
Other,1226
Rice,1227
Rice,1227
Rice,1227
Rice,1227
Rice,1227
Rice,1227
Rice,1227
Rice,1227
Rice,1227
Other,1228
Other,1228
Other,1228
Other,1228
Other,1228
Other,1228
Other,1228
Other,1228
Other,1228
Other,1228
Other,1228
Other,1229
Other,1229
Other,1229
Rice,1230
Rice,1230
Rice,1230
Rice,1230
Rice,1230
Rice,1230
Rice,1230
Rice,1230
Rice,1230
Rice,1230
Rice,1230
Rice,1230
Rice,1230
Rice,1230
Rice,1230
Rice,1230
Rice,1230
Rice,1230
Rice,1230
Rice,1230
Rice,1230
Rice,1230
Rice,1230
Rice,1230
Rice,1230
Rice,1230
Rice,1230
Rice,1230
Rice,1230
Rice,1230
Rice,1230
Rice,1230
Rice,1230
Rice,1230
Rice,1230
Rice,1231
Rice,1231
Rice,1231
Rice,1231
Rice,1231
Rice,1231
Rice,1231
Rice,1231
Rice,1231
Rice,1231
Rice,1232
Rice,1232
Rice,1232
Rice,1232
Rice,1232
Rice,1232
Rice,1232
Rice,1232
Rice,1232
Rice,1232
Rice,1232
Rice,1232
Rice,1232
Rice,1232
Rice,1232
Rice,1232
Rice,1232
Rice,1233
Rice,1233
Rice,1233
Rice,1233
Rice,1233
Rice,1233
Rice,1233
Rice,1233
Rice,1233
Rice,1233
Rice,1233
Rice,1233
Rice,1233
Rice,1233
Rice,1233
Rice,1233
Rice,1233
Other,1234
Other,1234
Other,1234
Other,1234
Other,1234
Other,1234
Rice,1235
Rice,1235
Rice,1235
Rice,1235
Rice,1235
Rice,1235
Rice,1235
Rice,1235
Rice,1235
Rice,1235
Rice,1235
Rice,1235
Rice,1235
Rice,1235
Rice,1235
Other,1236
Other,1236
Other,1236
Other,1237
Other,1237
Other,1237
Other,1237
Other,1237
Other,1237
Other,1237
Other,1237
Other,1237
Other,1237
Other,1237
Other,1237
Rice,1238
Rice,1238
Rice,1238
Rice,1238
Rice,1238
Rice,1238
Rice,1238
Rice,1238
Rice,1238
Rice,1238
Rice,1238
Rice,1238
Rice,1238
Rice,1238
Rice,1239
Rice,1239
Rice,1239
Rice,1239
Rice,1239
Rice,1239
Rice,1239
Rice,1239
Rice,1239
Rice,1239
Other,1240
Other,1240
Other,1240
Other,1240
Other,1240
Other,1240
Other,1240
Other,1241
Other,1241
Other,1241
Other,1242
Other,1242
Other,1242
Other,1242
Other,1243
Other,1243
Other,1243
Other,1243
Other,1243
Other,1243
Other,1243
Maize / Beans,1244
Maize / Beans,1244
Maize / Beans,1244
Maize / Beans,1244
Maize / Beans,1244
Maize / Beans,1244
Other,1245
Other,1245
Other,1245
Other,1245
Other,1245
Other,1245
Other,1245
Other,1245
Other,1245
Other,1246
Other,1246
Other,1246
Other,1246
Other,1246
Other,1246
Maize,1247
Maize,1247
Maize,1247
Maize,1247
Maize,1247
Maize,1247
Maize,1247
Maize,1247
Maize,1247
Maize,1247
Maize,1247
Maize,1247
Maize,1247
Maize,1247
Maize,1247
Maize,1247
Maize,1247
Maize,1247
Maize,1247
Maize,1248
Maize,1248
Maize,1248
Maize,1248
Maize,1248
Rice,1249
Rice,1249
Rice,1249
Rice,1249
Rice,1249
Rice,1249
Rice,1249
Rice,1249
Rice,1249
Rice,1249
Rice,1249
Rice,1249
Rice,1249
Rice,1249
Rice,1249
Rice,1249
Rice,1249
Rice,1249
Rice,1249
Rice,1249
Rice,1249
Rice,1249
Rice,1249
Rice,1249
Rice,1249
Rice,1249
Rice,1249
Rice,1249
Rice,1249
Rice,1249
Rice,1249
Rice,1249
Rice,1249
Rice,1250
Rice,1250
Rice,1250
Rice,1250
Rice,1250
Rice,1250
Rice,1250
Rice,1250
Rice,1250
Rice,1250
Rice,1250
Other,1251
Other,1252
Other,1252
Other,1252
Other,1252
Other,1252
Other,1252
Other,1252
Rice,1253
Rice,1253
Rice,1253
Rice,1253
Rice,1253
Rice,1253
Rice,1253
Rice,1253
Rice,1253
Rice,1253
Rice,1253
Rice,1253
Rice,1253
Other,1254
Maize,1255
Maize,1255
Maize,1255
Maize,1255
Maize,1255
Maize,1255
Maize,1255
Maize,1255
Maize,1255
Maize,1255
Maize,1255
Maize,1255
Maize,1255
Maize,1255
Maize,1255
Maize,1255
Sorghum,1256
Sorghum,1256
Sorghum,1256
Sorghum,1256
Sorghum,1256
Sorghum,1256
Sorghum,1256
Sorghum,1256
Sorghum,1256
Sorghum,1256
Sorghum,1256
Sorghum,1256
Sorghum,1256
Maize / Beans,1257
Maize / Beans,1257
Maize / Beans,1257
Maize / Beans,1257
Maize / Beans,1257
Maize / Beans,1257
Maize / Beans,1257
Maize / Beans,1257
Maize / Beans,1257
Maize / Beans,1257
Maize / Beans,1257
Maize,1258
Maize,1258
Maize,1258
Maize,1258
Maize,1258
Maize,1258
Maize,1258
Maize,1258
Maize,1258
Maize,1258
Maize,1258
Maize,1258
Other,1259
Other,1259
Other,1259
Other,1259
Other,1259
Other,1259
Maize,1260
Maize,1260
Sorghum,1261
Sorghum,1261
Rice,1262
Rice,1262
Rice,1263
Rice,1263
Rice,1263
Rice,1263
Rice,1263
Rice,1264
Other,1265
Other,1265
Other,1265
Rice,1267
Rice,1267
Rice,1267
Rice,1267
Rice,1267
Rice,1267
Rice,1267
Rice,1267
Rice,1267
Rice,1268
Rice,1268
Rice,1268
Rice,1268
Rice,1268
Rice,1268
Rice,1268
Maize,1269
Maize,1269
Maize,1269
Maize,1269
Maize,1269
Maize,1269
Maize,1269
Maize,1269
Maize,1269
Maize,1269
Beans,1271
Beans,1271
Beans,1271
Beans,1271
Beans,1271
Beans,1271
Beans,1271
Beans,1271
Beans,1271
Beans,1271
Beans,1271
Beans,1271
Beans,1271
Beans,1271
Beans,1271
Beans,1271
Beans,1271
Beans,1271
Beans,1271
Beans,1271
Beans,1271
Beans,1271
Beans,1271
Beans,1271
Beans,1271
Beans,1271
Beans,1271
Beans,1271
Beans,1272
Beans,1272
Beans,1272
Beans,1272
Beans,1272
Beans,1272
Rice,1273
Rice,1273
Rice,1273
Rice,1273
Rice,1273
Rice,1273
Rice,1273
Rice,1273
Rice,1273
Rice,1273
Rice,1273
Rice,1273
Rice,1273
Rice,1273
Rice,1273
Maize,1274
Maize,1274
Maize,1274
Maize,1274
Maize,1274
Maize,1274
Maize,1274
Maize,1274
Maize,1274
Maize,1275
Maize,1275
Maize,1275
Maize,1275
Maize,1275
Maize,1275
Maize,1275
Maize,1275
Maize,1275
Maize,1275
Maize,1275
Maize,1275
Maize,1275
Maize,1275
Maize,1275
Maize,1275
Maize,1275
Maize,1275
Maize,1275
Maize,1276
Maize,1276
Maize,1276
Maize,1276
Maize,1276
Maize,1276
Maize,1276
Maize,1276
Maize,1276
Maize,1276
Maize,1276
Maize,1276
Maize,1276
Rice,1277
Rice,1277
Rice,1277
Rice,1278
Rice,1278
Rice,1278
Rice,1278
Rice,1278
Other,1279
Other,1279
Maize,1280
Maize,1280
Maize,1280
Maize,1280
Maize,1280
Maize,1280
Maize,1280
Maize,1280
Maize,1280
Maize,1280
Maize,1280
Other,1282
Other,1282
Other,1282
Other,1282
Other,1282
Other,1282
Other,1282
Other,1282
Other,1282
Maize,1283
Maize,1283
Maize,1283
Maize,1283
Maize,1283
Maize,1283
Maize,1283
Maize,1283
Maize,1283
Beans,1284
Other,1285
Other,1285
Other,1285
Other,1285
Other,1285
Other,1285
Other,1285
Other,1285
Other,1285
Other,1285
Other,1285
Other,1285
Other,1286
Other,1286
Other,1287
Other,1287
Other,1287
Other,1287
Other,1287
Other,1287
Other,1287
Other,1287
Other,1287
Other,1287
Other,1287
Other,1287
Other,1287
Other,1287
Other,1287
Other,1287
Maize / Beans,1288
Maize / Beans,1288
Maize / Beans,1288
Maize / Beans,1288
Maize / Beans,1288
Maize,1289
Maize,1289
Maize,1289
Maize,1289
Maize,1289
Maize,1289
Other,1290
Other,1290
Other,1290
Other,1290
Other,1290
Other,1290
Other,1290
Other,1290
Other,1290
Maize,1291
Maize,1291
Maize,1291
Maize,1291
Other,1292
Other,1292
Other,1292
Maize,1293
Sorghum,1294
Sorghum,1294
Rice,1295
Rice,1295
Rice,1295
Rice,1295
Other,1296
Other,1296
Other,1296
Other,1297
Rice,1298
Rice,1298
Rice,1298
Rice,1298
Rice,1298
Rice,1298
Rice,1298
Rice,1298
Rice,1298
Rice,1298
Rice,1298
Rice,1298
Rice,1298
Maize,1299
Maize,1299
Rice,1300
Rice,1300
Rice,1300
Rice,1300
Rice,1300
Rice,1300
Rice,1300
Rice,1300
Rice,1300
Rice,1300
Rice,1300
Other,1301
Other,1301
Other,1301
Other,1301
Other,1301
Other,1301
Other,1301
Other,1301
Other,1301
Other,1301
Other,1301
Other,1301
Other,1301
Other,1301
Maize / Beans,1302
Maize / Beans,1302
Maize / Beans,1302
Maize / Beans,1302
Maize / Beans,1302
Maize / Beans,1302
Maize / Beans,1302
Other,1303
Other,1303
Other,1303
Other,1303
Other,1303
Other,1303
Rice,1304
Rice,1304
Rice,1304
Rice,1304
Other,1305
Other,1305
Other,1305
Other,1305
Other,1305
Other,1305
Other,1305
Other,1305
Other,1305
Other,1305
Other,1305
Other,1306
Other,1306
Other,1306
Other,1306
Other,1306
Other,1306
Other,1306
Other,1306
Other,1306
Other,1306
Other,1306
Other,1307
Other,1307
Other,1307
Other,1307
Other,1307
Other,1307
Other,1307
Other,1307
Other,1307
Other,1308
Other,1308
Other,1308
Other,1308
Other,1308
Other,1308
Other,1308
Other,1308
Beans,1309
Beans,1309
Beans,1309
Beans,1309
Beans,1310
Beans,1310
Beans,1310
Beans,1310
Beans,1310
Beans,1310
Beans,1310
Beans,1310
Beans,1310
Beans,1310
Beans,1310
Beans,1310
Beans,1310
Rice,1311
Rice,1311
Rice,1311
Rice,1311
Other,1312
Other,1312
Other,1312
Other,1312
Other,1313
Other,1313
Other,1313
Other,1313
Other,1313
Other,1313
Other,1313
Other,1313
Other,1313
Other,1313
Other,1313
Other,1313
Other,1313
Other,1313
Other,1313
Other,1313
Other,1313
Other,1313
Other,1313
Other,1314
Other,1314
Other,1314
Sorghum,1315
Sorghum,1315
Sorghum,1315
Sorghum,1315
Sorghum,1315
Sorghum,1315
Sorghum,1315
Sorghum,1315
Other,1316
Other,1316
Other,1316
Rice,1317
Rice,1317
Rice,1317
Rice,1317
Rice,1317
Rice,1318
Rice,1318
Rice,1318
Maize,1319
Maize,1319
Maize / Beans,1320
Maize / Beans,1320
Maize / Beans,1320
Maize,1323
Maize,1323
Maize,1323
Maize,1323
Maize,1323
Maize,1323
Maize,1323
Maize,1323
Sorghum,1327
Sorghum,1327
Sorghum,1327
Sorghum,1327
Sorghum,1327
Sorghum,1327
Sorghum,1327
Sorghum,1327
Sorghum,1327
Beans,1328
Beans,1328
Beans,1328
Beans,1328
Beans,1330
Beans,1330
Beans,1330
Beans,1330
Beans,1330
Beans,1330
Beans,1330
Beans,1330
Beans,1330
Beans,1330
Beans,1330
Beans,1330
Beans,1330
Beans,1330
Beans,1330
Beans,1330
Maize,1332
Maize,1332
Maize,1332
Maize,1332
Maize,1332
Maize,1332
Maize,1332
Maize,1332
Maize,1332
Maize,1332
Maize,1332
Maize,1332
Maize,1332
Maize,1332
Maize,1332
Maize,1332
Groundnuts / Beans,1333
Groundnuts / Beans,1333
Groundnuts / Beans,1333
Groundnuts / Beans,1333
Groundnuts / Beans,1333
Groundnuts / Beans,1333
Maize / Beans,1335
Maize / Beans,1335
Maize / Beans,1335
Maize / Beans,1335
Maize / Beans,1335
Maize / Beans,1335
Maize / Beans,1335
Maize / Beans,1335
Maize / Beans,1335
Maize / Beans,1335
Maize / Beans,1335
Maize / Beans,1335
Maize,1336
Maize,1336
Maize,1336
Maize,1336
Maize,1336
Maize,1336
Maize,1336
Maize,1337
Maize,1337
Maize,1337
Maize,1337
Maize,1337
Maize,1337
Maize,1337
Maize,1337
Maize,1337
Maize,1337
Maize,1337
Maize,1337
Rice,1338
Rice,1338
Rice,1338
Rice,1338
Rice,1338
Rice,1338
Rice,1338
Maize,1339
Maize,1339
Beans,1340
Beans,1340
Beans,1340
Beans,1340
Beans,1340
Millet,1344
Maize,1345
Maize,1345
Maize,1345
Rice,1346
Rice,1346
Rice,1346
Rice,1346
Maize,1347
Maize,1347
Rice,1348
Rice,1348
Rice,1348
Maize / Beans,1349
Maize / Beans,1349
Maize / Beans,1349
Maize / Beans,1349
Maize / Beans,1349
Maize / Beans,1349
Maize / Beans,1349
Maize / Beans,1349
Maize / Beans,1349
Maize / Beans,1349
Millet,1350
Millet,1350
Rice,1351
Rice,1351
Rice,1351
Rice,1351
Rice,1351
Rice,1351
Rice,1351
Groundnuts,1352
Beans,1354
Beans,1354
Beans,1354
Beans,1354
Beans,1354
Beans,1354
Beans,1354
Beans,1354
Beans,1354
Beans,1354
Beans,1354
Beans,1354
Beans,1354
Beans,1354
Beans,1354
Beans,1354
Beans,1354
Beans,1354
Beans,1354
Beans,1354
Beans,1354
Beans,1354
Beans,1354
Beans,1354
Beans,1354
Beans,1354
Beans,1354
Beans,1354
Beans,1354
Beans,1354
Beans,1354
Beans,1354
Beans,1354
Beans,1354
Beans,1354
Beans,1354
Beans,1354
Beans,1354
Beans,1354
Beans,1354
Beans,1354
Rice,1356
Rice,1356
Rice,1356
Rice,1356
Rice,1356
Rice,1356
Rice,1356
Rice,1356
Rice,1356
Rice,1356
Rice,1356
Rice,1356
Rice,1356
Rice,1356
Rice,1356
Rice,1356
Rice,1356
Rice,1356
Rice,1356
Rice,1356
Rice,1356
Rice,1356
Rice,1356
Rice,1356
Rice,1357
Rice,1357
Rice,1357
Rice,1357
Rice,1357
Rice,1357
Rice,1357
Rice,1357
Rice,1357
Beans,1359
Beans,1359
Beans,1359
Beans,1359
Beans,1359
Beans,1359
Beans,1359
Beans,1359
Beans,1359
Beans,1359
Beans,1359
Beans,1359
Beans,1359
Beans,1359
Beans,1359
Beans,1359
Beans,1359
Beans,1359
Beans,1359
Beans,1359
Beans,1359
Beans,1359
Beans,1359
Beans,1359
Beans,1359
Beans,1359
Rice,1360
Rice,1360
Rice,1360
Rice,1360
Rice,1361
Rice,1361
Rice,1361
Rice,1361
Rice,1361
Rice,1361
Rice,1361
Rice,1361
Rice,1361
Rice,1361
Rice,1361
Rice,1361
Rice,1361
Rice,1361
Rice,1361
Rice,1361
Rice,1361
Rice,1361
Rice,1361
Rice,1361
Rice,1361
Rice,1361
Rice,1361
Rice,1361
Rice,1361
Rice,1361
Rice,1361
Rice,1361
Rice,1361
Rice,1361
Rice,1361
Rice,1361
Rice,1362
Rice,1362
Rice,1362
Rice,1362
Rice,1362
Rice,1362
Rice,1363
Rice,1363
Rice,1363
Rice,1363
Rice,1363
Rice,1363
Maize,1365
Sorghum,1366
Rice,1367
Rice,1367
Rice,1367
Rice,1367
Rice,1367
Rice,1367
Rice,1367
Rice,1367
Rice,1367
Rice,1367
Rice,1367
Rice,1367
Beans,1368
Beans,1368
Beans,1368
Beans,1368
Sorghum,1369
Sorghum,1369
Sorghum,1369
Sorghum,1369
Sorghum,1369
Beans,1370
Beans,1370
Beans,1370
Beans,1370
Beans,1370
Beans,1370
Beans,1370
Beans,1370
Beans,1370
Beans,1370
Beans,1370
Beans,1370
Beans,1370
Beans,1370
Beans,1370
Beans,1370
Beans,1370
Beans,1370
Beans,1370
Beans,1370
Beans,1370
Beans,1370
Beans,1370
Beans,1370
Beans,1370
Beans,1370
Maize,1371
Maize,1371
Maize,1371
Maize,1371
Maize,1371
Maize,1371
Maize,1371
Maize,1371
Maize,1371
Maize,1371
Maize,1371
Maize,1371
Maize,1371
Maize,1371
Maize,1371
Maize,1371
Maize,1371
Maize,1371
Maize,1371
Maize,1371
Maize,1371
Maize,1371
Maize,1371
Maize,1371
Maize,1371
Maize,1371
Maize,1371
Maize / Beans,1372
Maize / Beans,1372
Maize / Beans,1372
Maize / Beans,1372
Maize / Beans,1372
Maize / Beans,1372
Maize / Beans,1372
Maize / Beans,1372
Maize / Beans,1372
Beans,1373
Beans,1373
Beans,1373
Beans,1373
Beans,1373
Beans,1373
Beans,1373
Beans,1373
Beans,1373
Beans,1373
Beans,1373
Beans,1373
Beans,1373
Beans,1373
Beans,1373
Beans,1373
Beans,1373
Beans,1373
Beans,1373
Beans,1373
Beans,1373
Beans,1373
Beans,1373
Beans,1373
Beans,1373
Beans,1373
Beans,1373
Beans,1373
Beans,1373
Beans,1373
Beans,1373
Beans,1373
Beans,1373
Beans,1373
Beans,1373
Beans,1373
Sorghum,1374
Sorghum,1374
Sorghum,1374
Rice,1375
Rice,1375
Rice,1375
Rice,1375
Maize,1376
Maize,1376
Maize,1376
Maize,1376
Maize,1376
Maize,1376
Maize,1376
Maize,1376
Maize,1376
Maize,1376
Maize,1376
Maize,1376
Maize,1376
Maize,1376
Maize,1376
Maize,1376
Maize,1376
Maize,1376
Maize,1376
Maize,1376
Maize,1376
Maize,1376
Maize,1376
Maize,1376
Maize,1376
Maize,1376
Maize,1376
Maize,1376
Maize,1376
Maize,1376
Maize,1376
Maize,1376
Maize,1376
Maize,1376
Maize,1376
Maize,1376
Maize,1376
Maize,1376
Maize,1376
Maize,1376
Maize,1376
Maize,1376
Maize,1376
Maize,1376
Maize,1376
Maize,1376
Maize,1376
Maize,1376
Maize,1376
Maize,1376
Maize,1376
Maize,1376
Maize,1376
Maize,1376
Maize,1376
Maize,1376
Maize,1376
Maize,1376
Maize,1376
Maize,1376
Maize,1376
Maize,1376
Maize,1376
Maize,1376
Maize,1376
Maize,1376
Maize,1376
Maize,1376
Maize,1376
Maize,1376
Maize,1376
Maize,1376
Maize,1376
Maize,1376
Maize,1376
Maize,1376
Maize,1376
Maize,1376
Maize,1376
Rice,1377
Rice,1377
Rice,1377
Rice,1377
Rice,1377
Rice,1377
Rice,1377
Rice,1377
Beans,1378
Beans,1378
Beans,1378
Maize,1380
Maize,1380
Maize,1380
Maize,1380
Maize,1380
Maize,1380
Beans,1382
Beans,1382
Beans,1382
Beans,1382
Beans,1382
Beans,1382
Beans,1382
Beans,1382
Beans,1382
Beans,1382
Beans,1382
Beans,1382
Beans,1382
Beans,1382
Beans,1382
Beans,1382
Beans,1382
Beans,1382
Beans,1382
Beans,1382
Beans,1382
Beans,1382
Sorghum,1384
Sorghum,1384
Sorghum,1384
Sorghum,1384
Sorghum,1384
Sorghum,1384
Sorghum,1384
Sorghum,1384
Sorghum,1384
Sorghum,1384
Sorghum,1384
Sorghum,1384
Sorghum,1384
Sorghum,1384
Maize,1385
Maize,1385
Beans,1386
Beans,1386
Beans,1386
Beans,1386
Beans,1387
Beans,1387
Beans,1387
Beans,1387
Beans,1387
Beans,1387
Beans,1387
Beans,1387
Beans,1387
Beans,1387
Maize,1388
Maize,1388
Maize,1388
Maize,1388
Maize,1388
Maize,1388
Maize,1388
Rice,1389
Rice,1389
Rice,1389
Rice,1389
Rice,1389
Rice,1389
Rice,1389
Rice,1389
Rice,1389
Rice,1389
Rice,1389
Rice,1389
Rice,1389
Rice,1389
Rice,1389
Rice,1389
Rice,1389
Rice,1389
Rice,1389
Rice,1389
Rice,1389
Rice,1389
Rice,1389
Rice,1389
Rice,1390
Rice,1390
Rice,1390
Rice,1390
Rice,1390
Rice,1390
Rice,1390
Rice,1390
Rice,1390
Rice,1390
Rice,1390
Rice,1390
Rice,1390
Rice,1390
Rice,1390
Rice,1390
Rice,1390
Rice,1390
Rice,1390
Rice,1390
Rice,1390
Rice,1390
Rice,1390
Rice,1391
Rice,1391
Rice,1391
Rice,1395
Rice,1395
Rice,1395
Rice,1395
Rice,1395
Rice,1396
Rice,1396
Maize,1397
Maize,1397
Maize,1397
Maize,1397
Maize,1398
Maize,1398
Maize,1398
Maize,1398
Rice,1399
Rice,1399
Rice,1399
Rice,1399
Fallow,1400
Fallow,1400
Fallow,1400
Fallow,1400
Fallow,1400
Beans,1402
Beans,1402
Beans,1402
Beans,1402
Sorghum,1403
Sorghum,1403
Sorghum,1403
Maize / Beans,1404
Maize / Beans,1404
Rice,1405
Rice,1405
Rice,1405
Rice,1406
Rice,1406
Rice,1406
Maize,1407
Maize,1407
Maize,1407
Maize,1407
Maize,1407
Maize,1407
Maize,1407
Maize,1407
Maize,1407
Maize,1408
Maize,1408
Maize,1408
Maize,1408
Maize,1408
Maize,1408
Rice,1409
Rice,1409
Rice,1409
Rice,1409
Beans,1410
Beans,1410
Beans,1410
Beans,1410
Rice,1411
Sorghum,1421
Sorghum,1421
Sorghum,1421
Rice,1422
Rice,1422
Rice,1422
Rice,1422
Groundnuts,1424
Groundnuts,1424
Groundnuts,1424
Groundnuts,1424
Groundnuts,1424
Rice,1425
Rice,1425
Rice,1425
Rice,1426
Rice,1426
Sorghum / Beans,1428
Sorghum / Beans,1428
Rice,1430
Rice,1430
Beans,1431
Beans,1431
Beans,1431
Beans,1431
Beans,1431
Beans,1431
Maize,1432
Maize,1432
Maize,1432
Maize,1433
Maize,1433
Maize,1433
Maize,1433
Maize,1433
Maize,1433
Maize,1433
Maize,1433
Maize,1433
Maize,1433
Rice,1434
Rice,1434
Rice,1434
Rice,1434
Rice,1434
Rice,1434
Sorghum / Beans,1435
Sorghum / Beans,1435
Sorghum / Beans,1435
Sorghum / Beans,1435
Sorghum / Beans,1435
Sorghum / Beans,1435
Sorghum / Beans,1435
Maize,1436
Maize,1436
Maize,1436
Maize,1436
Maize,1436
Maize,1436
Maize,1436
Maize,1436
Maize,1436
Maize,1436
Maize,1436
Maize,1436
Maize,1436
Maize,1436
Maize,1436
Maize,1436
Maize,1436
Maize,1437
Maize,1437
Maize,1437
Maize,1437
Maize,1437
Maize,1437
Maize,1437
Maize,1437
Maize,1437
Maize,1437
Sorghum,1438
Sorghum,1438
Beans,1439
Beans,1439
Beans,1440
Beans,1440
Beans,1440
Beans,1440
Beans,1440
Beans,1440
Beans,1440
Beans,1440
Beans,1440
Rice,1441
Rice,1441
Rice,1441
Rice,1441
Rice,1441
Rice,1441
Rice,1441
Rice,1441
Rice,1441
Groundnuts,1442
Groundnuts,1442
Groundnuts,1442
Millet,1470
Millet,1470
Rice,1471
Rice,1471
Rice,1471
Rice,1471
Rice,1471
Rice,1471
Rice,1471
Maize,1472
Maize,1472
Maize / Beans,1473
Maize / Beans,1473
Maize / Beans,1473
Maize / Beans,1473
Maize / Beans,1473
Maize / Beans,1473
Maize / Beans,1473
Maize,1474
Maize,1474
Maize,1474
Maize,1474
Maize,1474
Maize,1474
Maize / Beans,1475
Maize / Beans,1475
Maize / Beans,1475
Maize / Beans,1475
Maize / Beans,1475
Maize / Beans,1476
Maize / Beans,1476
Maize / Beans,1476
Maize / Beans,1476
Maize / Beans,1476
Maize,1477
Maize,1477
Maize,1477
Sorghum,1478
Sorghum,1478
Sorghum,1478
Sorghum,1478
Maize,1479
Maize,1479
Beans,1480
Beans,1480
Beans,1480
Rice,1481
Rice,1482
Rice,1482
Rice,1482
Rice,1482
Rice,1502
Rice,1502
Sorghum,1503
Sorghum,1503
Sorghum,1503
Sorghum,1503
Sorghum,1503
Sorghum,1504
Sorghum,1504
Sorghum,1504
Sorghum,1504
Sorghum,1504
Sorghum,1504
Sorghum,1504
Sorghum,1504
Sorghum,1504
Maize,1505
Maize,1505
Maize,1505
Maize,1505
Maize,1505
Maize,1505
Maize,1505
Maize,1505
Maize,1505
Maize,1505
Maize,1505
Maize,1505
Maize,1505
Maize,1505
Maize,1505
Maize,1505
Maize,1505
Maize,1505
Maize,1505
Maize,1505
Maize,1505
Maize,1505
Sorghum,1506
Sorghum,1506
Sorghum,1506
Sorghum,1506
Sorghum,1506
Sorghum,1506
Sorghum,1506
Sorghum,1506
Sorghum,1506
Sorghum,1506
Sorghum,1506
Sorghum,1506
Sorghum,1506
Fallow,1507
Fallow,1507
Fallow,1507
Fallow,1507
Fallow,1507
Fallow,1507
Fallow,1507
Fallow,1507
Maize,1508
Maize,1508
Maize,1508
Maize,1508
Maize,1508
Maize,1508
Maize,1508
Maize,1508
Maize,1508
Maize,1508
Maize,1508
Maize,1508
Maize,1508
Sorghum,1509
Sorghum,1509
Sorghum,1509
Sorghum,1509
Sorghum,1509
Sorghum,1509
Sorghum,1509
Sorghum,1509
Sorghum,1509
Sorghum,1509
Sorghum,1509
Sorghum,1509
Sorghum,1509
Sorghum,1509
Sorghum,1509
Sorghum,1509
Sorghum,1509
Sorghum,1509
Sorghum,1509
Maize,1510
Maize,1510
Maize,1510
Maize,1510
Maize,1510
Rice,1511
Rice,1511
Rice,1511
Sorghum,1512
Sorghum,1512
Sorghum,1512
Beans,1513
Beans,1513
Beans,1513
Beans,1513
Beans,1513
Beans,1513
Beans,1513
Beans,1514
Beans,1514
Beans,1514
Beans,1514
Beans,1514
Groundnuts,1537
Groundnuts,1537
Groundnuts,1537
Groundnuts,1537
Groundnuts,1537
Maize,1736
Maize,1741
Maize,1741
Maize,1741
Maize,1741
Maize,1741
Maize,1741
Maize,1741
Maize,1741
Maize,1741
Maize,1741
Maize,1741
Maize,1741
Maize,1741
Maize,1741
Maize,1741
Maize,1741
Maize,1741
Maize,1741
Maize,1741
Maize,1741
Fallow,1742
Fallow,1742
Fallow,1742
Fallow,1742
Fallow,1742
Fallow,1742
Fallow,1742
Fallow,1742
Fallow,1742
Fallow,1742
Fallow,1742
Fallow,1743
Fallow,1744
Fallow,1744
Fallow,1745
Fallow,1745
Fallow,1745
Fallow,1746
Fallow,1746
Fallow,1746
Fallow,1746
Fallow,1747
Fallow,1747
Fallow,1747
Fallow,1748
Fallow,1749
Fallow,1749
Fallow,1750
Fallow,1751
Fallow,1751
Fallow,1753
Fallow,1753
Fallow,1753
Fallow,1755
Fallow,1755
Fallow,1755
Fallow,1755
Fallow,1755
Fallow,1756
Fallow,1756
Fallow,1757
Fallow,1757
Beans,1761
Beans,1761
Beans,1761
Beans,1761
Beans,1761
Beans,1761
Beans,1761
Maize,2
Maize,2
Maize,2
Maize,2
Maize,2
Maize,2
Maize,2
Maize,2
Maize,2
Maize,2
Maize,2
Maize,2
Maize,2
Maize,2
Maize,2
Maize,2
Maize,2
Sorghum,3
Sorghum,3
Sorghum,3
Sorghum,3
Sorghum,3
Sorghum,3
Sorghum,3
Sorghum,3
Sorghum,3
Sorghum,3
Sorghum,3
Sorghum,3
Sorghum,3
Sorghum,3
Sorghum,3
Maize / Beans,4
Maize / Beans,4
Maize / Beans,4
Maize / Beans,4
Maize / Beans,4
Maize / Beans,4
Maize / Beans,4
Maize / Beans,4
Maize / Beans,4
Maize / Beans,4
Maize / Beans,4
Maize / Beans,4
Maize / Beans,4
Maize / Beans,4
Maize / Beans,4
Maize / Beans,4
Maize / Beans,4
Maize / Beans,4
Maize / Beans,4
Maize / Beans,4
Maize / Beans,4
Sorghum / Beans,5
Sorghum / Beans,5
Sorghum / Beans,5
Sorghum / Beans,5
Sorghum / Beans,5
Sorghum / Beans,5
Sorghum / Beans,5
Sorghum / Beans,5
Sorghum / Beans,5
Sorghum / Beans,5
Sorghum / Beans,5
Sorghum / Beans,5
Sorghum / Beans,5
Maize,6
Maize,6
Maize,6
Maize,6
Maize,6
Maize,6
Maize,6
Maize,6
Maize,6
Maize,6
Maize,6
Maize,6
Maize,6
Maize,6
Maize,6
Maize,6
Maize,6
Maize,6
Maize,6
Maize,6
Rice,7
Rice,7
Rice,7
Rice,7
Rice,7
Rice,8
Rice,8
Rice,8
Rice,8
Rice,8
Rice,8
Rice,8
Rice,8
Rice,8
Rice,8
Rice,8
Rice,8
Rice,8
Rice,8
Rice,8
Rice,8
Rice,8
Rice,8
Rice,8
Rice,8
Rice,8
Rice,8
Rice,8
Rice,8
Rice,8
Rice,8
Rice,8
Rice,8
Rice,8
Rice,8
Rice,8
Rice,8
Rice,8
Rice,8
Rice,8
Rice,8
Rice,8
Rice,8
Rice,8
Rice,8
Rice,8
Rice,8
Beans,9
Beans,9
Beans,9
Beans,9
Beans,9
Beans,9
Beans,9
Beans,9
Beans,9
Beans,9
Beans,9
Beans,9
Beans,9
Rice,10
Rice,10
Rice,10
Beans,14
Beans,14
Beans,14
Beans,14
Beans,14
Beans,14
Beans,14
Beans,14
Beans,14
Beans,14
Beans,14
Beans,14
Beans,14
Beans,14
Beans,14
Beans,14
Beans,14
Beans,14
Beans,14
Beans,14
Beans,14
Beans,14
Beans,14
Maize / Beans,15
Maize / Beans,15
Maize / Beans,15
Maize / Beans,15
Maize / Beans,15
Maize / Beans,15
Maize / Beans,15
Maize / Beans,15
Maize / Beans,15
Maize / Beans,15
Maize / Beans,15
Maize / Beans,15
Maize / Beans,15
Maize / Beans,15
Maize / Beans,15
Maize / Beans,15
Maize / Beans,15
Maize / Beans,15
Maize / Beans,15
Maize / Beans,15
Maize / Beans,15
Maize / Beans,15
Maize / Beans,15
Maize / Beans,15
Maize / Beans,15
Sorghum,16
Sorghum,16
Sorghum,16
Sorghum,16
Sorghum,16
Sorghum,16
Beans,18
Beans,18
Beans,18
Beans,18
Beans,18
Beans,18
Beans,18
Beans,18
Beans,18
Beans,18
Beans,18
Beans,18
Beans,18
Beans,18
Beans,18
Beans,18
Beans,18
Beans,18
Beans,18
Beans,18
Beans,18
Beans,18
Beans,18
Maize,20
Maize,20
Maize,20
Maize,20
Maize,20
Maize,20
Maize,20
Maize,20
Maize,20
Maize,20
Maize,20
Maize,20
Maize,20
Maize,20
Maize,20
Rice,21
Rice,21
Rice,21
Rice,21
Rice,21
Rice,21
Rice,21
Rice,21
Rice,21
Maize,26
Maize,26
Maize,26
Maize,26
Maize,26
Sorghum / Groundnuts,27
Sorghum / Groundnuts,27
Maize / Beans,28
Maize / Beans,28
Maize / Beans,28
Maize / Beans,28
Groundnuts,31
Rice,32
Rice,32
Beans,33
Beans,33
Beans,33
Beans,33
Beans,33
Beans,33
Beans,33
Beans,33
Beans,33
Beans,33
Beans,33
Beans,33
Beans,33
Beans,33
Beans,33
Beans,33
Beans,33
Beans,33
Beans,33
Beans,33
Beans,33
Beans,33
Beans,33
Beans,33
Groundnuts / Beans,35
Maize,36
Maize,36
Maize,36
Maize,36
Maize,36
Rice,37
Maize,38
Maize,38
Maize,40
Maize,40
Maize,40
Maize,40
Maize,40
Maize,40
Maize,40
Maize,40
Maize,40
Maize,40
Maize,40
Maize,40
Maize,40
Maize,40
Maize,40
Maize,40
Maize,41
Maize,41
Maize,41
Maize,41
Maize,41
Maize,41
Maize,41
Maize,41
Maize,41
Maize,41
Maize,41
Maize,41
Maize,41
Maize,41
Maize,41
Maize,41
Maize,41
Maize,41
Maize,41
Rice,42
Rice,42
Maize / Beans,43
Maize / Beans,43
Maize / Beans,43
Maize / Beans,43
Maize / Beans,43
Maize / Beans,43
Maize / Beans,43
Maize / Beans,43
Maize / Beans,43
Rice,44
Rice,44
Rice,44
Rice,44
Rice,44
Rice,44
Rice,45
Rice,45
Rice,45
Rice,45
Rice,45
Rice,45
Rice,45
Rice,45
Rice,45
Rice,45
Rice,45
Rice,45
Rice,46
Rice,46
Rice,46
Rice,46
Rice,46
Rice,47
Rice,47
Rice,47
Rice,47
Rice,47
Rice,47
Rice,47
Rice,48
Rice,48
Rice,49
Rice,49
Rice,49
Rice,49
Groundnuts,50
Groundnuts,50
Groundnuts,50
Groundnuts,50
Beans,51
Beans,51
Beans,51
Beans,51
Beans,51
Beans,51
Beans,51
Beans,52
Beans,52
Beans,52
Beans,52
Beans,53
Beans,53
Beans,53
Beans,53
Beans,53
Beans,53
Beans,53
Beans,53
Maize,54
Maize,54
Maize,54
Maize,54
Fallow,55
Fallow,55
Fallow,55
Fallow,55
Fallow,55
Fallow,55
Fallow,55
Fallow,55
Fallow,55
Fallow,55
Fallow,55
Fallow,55
Fallow,55
Fallow,55
Fallow,55
Fallow,55
Fallow,55
Fallow,55
Maize,56
Maize,56
Maize,56
Maize,56
Maize,56
Maize,56
Maize,56
Groundnuts / Beans,58
Groundnuts / Beans,58
Groundnuts / Beans,58
Groundnuts / Beans,58
Groundnuts / Beans,58
Groundnuts / Beans,58
Rice,59
Rice,59
Rice,59
Rice,59
Rice,59
Rice,59
Rice,59
Rice,59
Rice,59
Groundnuts / Beans,60
Groundnuts / Beans,60
Groundnuts / Beans,60
Groundnuts / Beans,60
Groundnuts / Beans,60
Groundnuts / Beans,60
Groundnuts / Beans,60
Groundnuts / Beans,60
Groundnuts / Beans,60
Groundnuts / Beans,60
Groundnuts / Beans,60
Maize / Beans,61
Maize / Beans,61
Maize,62
Maize,62
Maize,62
Maize,62
Maize,62
Maize,62
Maize,62
Maize,62
Maize,62
Maize,62
Maize,62
Maize,62
Maize,62
Maize,62
Maize,62
Maize,62
Maize,62
Maize / Beans,63
Maize / Beans,63
Maize / Beans,63
Maize / Beans,63
Maize / Beans,63
Maize / Beans,63
Maize / Beans,63
Maize / Beans,63
Maize / Beans,63
Maize / Beans,63
Maize / Beans,63
Maize / Beans,63
Maize / Beans,63
Maize / Beans,63
Maize / Beans,63
Maize,65
Maize,65
Maize,65
Maize,65
Maize,65
Maize / Beans,66
Maize / Beans,66
Maize / Beans,66
Maize / Beans,66
Maize / Beans,67
Maize / Beans,67
Maize / Beans,67
Maize / Beans,67
Maize / Beans,67
Maize / Beans,67
Maize / Beans,67
Maize / Beans,67
Sorghum,68
Sorghum,68
Sorghum,68
Sorghum,68
Sorghum,68
Sorghum,68
Sorghum,68
Maize / Beans,69
Maize / Beans,69
Maize / Beans,69
Maize / Beans,69
Maize / Beans,69
Sorghum / Beans,70
Sorghum / Beans,70
Sorghum / Beans,70
Sorghum / Beans,70
Sorghum / Beans,70
Sorghum / Beans,70
Sorghum / Beans,70
Sorghum / Beans,70
Rice,72
Beans,73
Beans,73
Beans,73
Beans,73
Beans,73
Beans,73
Beans,74
Beans,74
Beans,74
Millet,75
Millet,75
Other,76
Other,76
Other,76
Other,76
Other,76
Other,76
Other,76
Other,76
Other,76
Other,76
Other,76
Sorghum / Beans,77
Sorghum / Beans,77
Sorghum / Beans,77
Sorghum / Beans,77
Sorghum / Beans,77
Sorghum / Beans,77
Sorghum / Beans,77
Sorghum / Beans,77
Fallow,79
Fallow,79
Fallow,79
Fallow,79
Fallow,79
Sorghum / Beans,80
Sorghum / Beans,80
Sorghum / Beans,80
Sorghum / Beans,80
Sorghum / Beans,80
Sorghum / Beans,80
Sorghum / Beans,80
Sorghum / Beans,81
Sorghum / Beans,81
Sorghum / Beans,81
Sorghum / Beans,81
Sorghum / Beans,81
Sorghum / Beans,81
Sorghum / Beans,81
Sorghum / Beans,81
Sorghum / Beans,81
Sorghum / Beans,81
Beans,82
Beans,82
Beans,82
Beans,82
Beans,82
Maize / Beans,83
Maize / Beans,83
Maize / Beans,83
Maize / Beans,83
Rice,84
Rice,84
Rice,84
Rice,84
Rice,84
Rice,84
Rice,84
Rice,84
Rice,84
Rice,84
Groundnuts,85
Groundnuts,85
Maize / Beans,86
Maize / Beans,86
Maize / Beans,86
Maize / Beans,86
Maize / Beans,86
Maize / Beans,86
Maize / Beans,86
Maize / Beans,86
Maize / Beans,86
Maize / Beans,86
Maize / Beans,86
Maize / Beans,86
Maize / Beans,86
Maize / Beans,86
Maize / Beans,86
Maize / Beans,86
Maize / Beans,87
Maize / Beans,87
Maize / Beans,87
Maize / Beans,87
Fallow,88
Fallow,88
Fallow,88
Fallow,88
Fallow,88
Fallow,88
Fallow,88
Fallow,88
Fallow,88
Fallow,88
Fallow,88
Fallow,88
Maize,89
Maize,89
Maize,89
Maize,89
Maize,89
Maize,89
Maize,89
Maize,89
Maize,89
Maize,89
Maize,89
Maize,89
Maize,89
Maize / Beans,90
Maize / Beans,90
Maize / Beans,90
Maize / Beans,90
Maize / Beans,90
Maize / Beans,90
Maize / Beans,90
Rice,91
Rice,91
Rice,91
Sorghum,92
Sorghum,92
Sorghum,92
Sorghum,92
Sorghum,92
Sorghum,92
Sorghum,92
Sorghum,93
Sorghum,93
Sorghum,93
Sorghum,93
Sorghum,93
Sorghum,93
Sorghum,93
Sorghum,93
Sorghum,93
Sorghum,93
Rice,94
Rice,94
Rice,94
Rice,94
Rice,94
Rice,94
Rice,94
Rice,94
Rice,94
Rice,94
Rice,94
Rice,94
Rice,94
Beans,95
Beans,95
Beans,95
Beans,95
Beans,95
Beans,95
Beans,95
Beans,95
Beans,95
Beans,95
Beans,95
Beans,95
Beans,95
Beans,95
Beans,95
Beans,95
Beans,95
Beans,95
Beans,95
Millet,96
Millet,96
Millet,96
Millet,96
Millet,96
Millet,96
Millet,96
Beans,97
Beans,97
Beans,97
Beans,97
Beans,97
Beans,97
Beans,97
Beans,97
Beans,97
Rice,98
Rice,98
Rice,98
Rice,98
Rice,98
Rice,98
Rice,98
Rice,98
Rice,98
Rice,98
Rice,98
Rice,98
Rice,98
Rice,98
Rice,98
Rice,98
Rice,98
Rice,98
Rice,98
Rice,98
Rice,98
Rice,98
Rice,99
Rice,99
Rice,99
Rice,99
Rice,99
Rice,99
Beans,100
Beans,100
Beans,100
Beans,100
Beans,100
Beans,100
Beans,100
Beans,100
Beans,100
Beans,100
Beans,100
Beans,100
Beans,100
Beans,100
Beans,100
Beans,100
Beans,100
Beans,100
Beans,100
Beans,100
Beans,100
Beans,100
Beans,100
Maize / Beans,101
Maize / Beans,101
Maize / Beans,101
Maize / Beans,101
Maize / Beans,101
Maize / Beans,101
Maize / Beans,101
Maize / Beans,101
Maize / Beans,101
Maize / Beans,101
Maize / Beans,101
Maize / Beans,101
Maize / Beans,101
Maize / Beans,101
Maize / Beans,101
Maize / Beans,101
Maize / Beans,101
Maize / Beans,101
Maize / Beans,101
Maize / Beans,101
Rice,102
Rice,102
Rice,102
Rice,102
Rice,102
Rice,102
Rice,102
Rice,102
Rice,102
Rice,102
Rice,102
Rice,102
Rice,102
Rice,102
Rice,102
Rice,102
Rice,102
Rice,102
Rice,102
Rice,102
Rice,102
Rice,102
Rice,102
Maize / Beans,103
Maize / Beans,103
Maize / Beans,103
Maize / Beans,103
Maize / Beans,103
Maize / Beans,103
Maize / Beans,103
Maize / Beans,103
Rice,104
Rice,104
Rice,104
Rice,104
Rice,104
Rice,104
Rice,104
Rice,104
Rice,104
Rice,104
Rice,104
Rice,105
Rice,105
Rice,105
Rice,105
Rice,105
Rice,105
Rice,105
Rice,105
Rice,105
Rice,105
Rice,105
Rice,106
Rice,106
Rice,106
Rice,106
Rice,106
Rice,106
Rice,106
Sorghum,107
Beans,109
Beans,109
Beans,109
Beans,109
Beans,109
Beans,109
Beans,109
Beans,109
Rice,110
Rice,110
Rice,110
Rice,110
Rice,110
Rice,110
Rice,110
Rice,110
Rice,110
Beans,111
Beans,111
Beans,111
Beans,111
Beans,111
Beans,111
Beans,111
Beans,111
Maize / Beans,112
Maize / Beans,112
Maize / Beans,112
Maize / Beans,112
Maize / Beans,112
Maize / Beans,112
Maize / Beans,112
Other,113
Other,113
Other,113
Other,113
Other,113
Other,114
Beans,115
Beans,115
Beans,115
Beans,115
Beans,115
Beans,116
Beans,116
Beans,116
Beans,116
Beans,116
Beans,116
Beans,116
Beans,116
Beans,116
Maize / Beans,117
Maize / Beans,117
Maize / Beans,117
Maize / Beans,117
Maize / Beans,117
Maize / Beans,117
Maize / Beans,117
Maize / Beans,117
Maize / Beans,117
Maize / Beans,117
Maize / Beans,117
Sorghum,118
Sorghum,118
Sorghum,118
Rice,119
Rice,119
Rice,119
Rice,119
Sorghum,120
Sorghum,120
Sorghum,120
Sorghum,120
Sorghum,120
Sorghum,120
Sorghum,120
Sorghum,120
Sorghum,120
Sorghum,120
Sorghum,120
Sorghum,120
Sorghum,120
Sorghum,120
Sorghum,120
Beans,121
Beans,121
Beans,121
Beans,121
Beans,121
Beans,121
Beans,121
Beans,121
Beans,121
Beans,121
Beans,121
Beans,121
Beans,121
Beans,121
Beans,121
Beans,121
Beans,121
Beans,121
Rice,122
Rice,122
Rice,122
Rice,122
Rice,122
Rice,122
Rice,122
Rice,122
Rice,122
Rice,122
Rice,122
Rice,123
Rice,123
Rice,123
Rice,123
Rice,123
Maize / Beans,124
Maize / Beans,124
Maize / Beans,124
Maize / Beans,124
Maize / Beans,124
Maize / Beans,124
Maize / Beans,124
Groundnuts,125
Groundnuts,125
Groundnuts,125
Groundnuts,125
Groundnuts,125
Groundnuts,125
Groundnuts,125
Groundnuts,125
Groundnuts,125
Groundnuts,125
Groundnuts,125
Groundnuts,125
Groundnuts,125
Groundnuts,125
Groundnuts,125
Rice,126
Rice,126
Rice,126
Rice,126
Rice,126
Rice,126
Rice,126
Rice,126
Rice,126
Rice,126
Rice,126
Rice,126
Rice,126
Beans,127
Beans,127
Beans,127
Beans,127
Beans,127
Beans,127
Beans,127
Beans,127
Beans,127
Beans,127
Beans,127
Beans,127
Beans,127
Beans,128
Beans,128
Beans,128
Beans,128
Beans,128
Beans,128
Beans,128
Beans,128
Beans,128
Beans,128
Beans,128
Beans,128
Beans,128
Beans,128
Beans,128
Beans,128
Beans,128
Beans,128
Beans,128
Beans,128
Beans,128
Beans,128
Rice,129
Rice,129
Rice,129
Rice,129
Rice,129
Rice,129
Other,130
Other,130
Other,130
Other,130
Other,130
Other,130
Other,130
Other,130
Millet,131
Millet,131
Millet,131
Maize,132
Maize,132
Maize,132
Maize,132
Maize,132
Beans,133
Beans,133
Beans,133
Beans,133
Beans,133
Beans,133
Maize / Beans,134
Maize / Beans,134
Maize / Beans,134
Maize / Beans,134
Maize / Beans,134
Maize / Beans,134
Maize / Beans,134
Maize / Beans,134
Maize / Beans,134
Maize / Beans,134
Rice,135
Rice,135
Rice,136
Rice,136
Rice,136
Other,137
Other,137
Other,137
Other,137
Groundnuts / Beans,139
Groundnuts / Beans,139
Groundnuts / Beans,139
Groundnuts / Beans,139
Groundnuts / Beans,139
Groundnuts / Beans,139
Groundnuts / Beans,139
Beans,140
Beans,140
Beans,140
Beans,140
Beans,140
Beans,140
Beans,140
Beans,140
Beans,140
Beans,140
Beans,140
Beans,140
Beans,140
Beans,140
Beans,140
Beans,140
Beans,140
Beans,140
Beans,140
Beans,140
Beans,140
Beans,140
Beans,141
Beans,141
Beans,141
Beans,141
Beans,141
Beans,141
Beans,141
Beans,141
Beans,141
Beans,141
Beans,141
Beans,141
Beans,141
Rice,142
Rice,142
Rice,142
Rice,142
Rice,142
Groundnuts,143
Groundnuts,143
Groundnuts,143
Groundnuts,143
Groundnuts,143
Groundnuts,143
Groundnuts,143
Groundnuts,143
Groundnuts,143
Beans,144
Beans,144
Beans,144
Beans,144
Beans,144
Beans,144
Beans,144
Beans,144
Beans,144
Beans,144
Beans,144
Beans,144
Beans,145
Beans,145
Beans,145
Beans,145
Beans,145
Beans,145
Beans,145
Beans,145
Beans,145
Beans,145
Beans,145
Beans,145
Beans,145
Beans,145
Beans,146
Beans,146
Beans,146
Beans,146
Beans,146
Beans,146
Beans,146
Beans,146
Beans,146
Beans,146
Beans,146
Beans,146
Beans,146
Beans,146
Beans,146
Beans,146
Beans,146
Beans,146
Beans,146
Beans,146
Beans,146
Beans,146
Beans,146
Beans,146
Beans,147
Beans,147
Beans,147
Beans,147
Beans,147
Beans,147
Beans,147
Beans,147
Beans,147
Beans,147
Beans,147
Beans,147
Beans,147
Beans,147
Beans,147
Beans,147
Beans,147
Beans,147
Beans,147
Beans,147
Beans,147
Beans,147
Beans,147
Beans,147
Beans,147
Sorghum / Groundnuts,148
Sorghum / Groundnuts,148
Sorghum / Groundnuts,148
Sorghum / Groundnuts,148
Sorghum / Groundnuts,148
Sorghum / Groundnuts,148
Sorghum / Groundnuts,148
Sorghum / Groundnuts,148
Sorghum / Groundnuts,148
Sorghum / Groundnuts,148
Sorghum / Groundnuts,149
Groundnuts,150
Groundnuts,150
Groundnuts,150
Groundnuts,150
Groundnuts,150
Groundnuts,150
Rice,151
Rice,151
Rice,151
Rice,151
Rice,151
Rice,151
Rice,151
Rice,151
Rice,151
Rice,151
Rice,151
Rice,151
Rice,151
Rice,151
Maize,152
Maize,152
Sorghum,153
Sorghum,153
Sorghum,153
Sorghum,153
Sorghum,153
Sorghum,153
Sorghum,153
Rice,154
Rice,154
Rice,154
Rice,154
Rice,154
Rice,154
Rice,155
Rice,155
Rice,155
Rice,155
Rice,156
Rice,156
Rice,156
Rice,156
Rice,156
Rice,156
Sorghum,158
Sorghum,158
Sorghum,158
Sorghum,158
Sorghum,158
Sorghum,158
Sorghum,158
Sorghum,158
Sorghum,158
Sorghum,158
Sorghum,158
Sorghum,158
Sorghum,158
Sorghum,158
Sorghum,158
Sorghum,158
Sorghum,158
Sorghum,158
Sorghum,158
Sorghum,158
Sorghum,158
Millet,159
Millet,159
Millet,159
Millet,159
Millet,159
Millet,159
Millet,159
Millet,159
Millet,159
Millet,159
Millet,159
Millet,159
Millet,159
Millet,159
Millet,159
Millet,159
Groundnuts / Beans,160
Groundnuts / Beans,160
Groundnuts / Beans,160
Groundnuts / Beans,160
Groundnuts / Beans,160
Groundnuts / Beans,160
Groundnuts / Beans,160
Groundnuts / Beans,160
Groundnuts / Beans,160
Groundnuts / Beans,160
Groundnuts / Beans,160
Groundnuts / Beans,160
Groundnuts / Beans,160
Rice,161
Rice,161
Maize,162
Maize,162
Maize,162
Maize,162
Maize,162
Maize,162
Maize,162
Maize / Beans,163
Maize / Beans,163
Maize / Beans,163
Maize / Beans,163
Maize / Beans,163
Maize / Beans,163
Maize / Beans,163
Maize / Beans,163
Maize / Beans,163
Maize / Beans,163
Maize / Beans,163
Beans,164
Beans,164
Beans,164
Beans,164
Beans,164
Beans,164
Beans,164
Beans,164
Beans,164
Beans,164
Beans,164
Beans,164
Beans,164
Beans,164
Beans,164
Beans,164
Groundnuts,165
Groundnuts,165
Groundnuts,165
Groundnuts,165
Other,166
Other,166
Sorghum,167
Maize,168
Rice,169
Rice,169
Rice,169
Maize,171
Maize,171
Maize,171
Maize,171
Maize,171
Millet,172
Millet,172
Millet,172
Fallow,173
Maize / Beans,174
Maize / Beans,174
Maize / Beans,174
Maize / Beans,174
Maize / Beans,174
Maize / Beans,174
Maize / Beans,174
Beans,175
Beans,175
Beans,175
Beans,175
Beans,175
Beans,175
Beans,175
Beans,175
Rice,178
Rice,178
Rice,179
Rice,179
Rice,179
Rice,179
Rice,179
Rice,179
Rice,179
Rice,179
Rice,179
Maize / Beans,180
Maize / Beans,180
Maize / Beans,180
Other,181
Other,181
Other,181
Other,183
Other,183
Other,183
Other,183
Other,183
Other,183
Other,183
Beans,184
Beans,184
Beans,184
Beans,184
Maize,186
Maize,186
Maize,186
Maize,186
Maize,186
Maize,186
Maize,186
Maize,186
Maize,187
Maize,187
Maize,187
Rice,188
Rice,188
Rice,188
Rice,188
Rice,188
Rice,188
Maize,189
Maize,189
Groundnuts / Beans,190
Groundnuts / Beans,190
Groundnuts / Beans,190
Groundnuts / Beans,190
Groundnuts / Beans,190
Groundnuts / Beans,190
Groundnuts / Beans,190
Groundnuts / Beans,190
Groundnuts / Beans,190
Groundnuts / Beans,190
Groundnuts / Beans,190
Groundnuts / Beans,190
Groundnuts / Beans,190
Beans,191
Beans,191
Beans,191
Beans,191
Sorghum / Beans,192
Rice,194
Rice,194
Rice,194
Rice,194
Rice,194
Rice,194
Beans,195
Beans,195
Beans,195
Beans,195
Beans,195
Beans,195
Beans,195
Beans,195
Beans,195
Beans,195
Beans,195
Beans,195
Beans,195
Beans,195
Beans,195
Beans,195
Beans,195
Beans,195
Beans,195
Beans,195
Beans,195
Beans,195
Beans,195
Beans,195
Beans,195
Beans,195
Beans,195
Beans,195
Beans,195
Beans,196
Beans,196
Beans,196
Millet,198
Millet,198
Millet,198
Millet,198
Millet,198
Millet,198
Millet,198
Millet,198
Millet,198
Millet,198
Millet,198
Beans,199
Beans,199
Beans,199
Beans,199
Groundnuts,200
Groundnuts,200
Groundnuts,200
Groundnuts,200
Groundnuts,200
Groundnuts,200
Groundnuts,200
Sorghum,500
Sorghum,500
Sorghum,500
Sorghum,500
Sorghum,500
Sorghum,500
Sorghum,500
Sorghum,500
Sorghum,500
Sorghum,500
Sorghum,500
Sorghum,500
Sorghum / Beans,501
Sorghum / Beans,501
Sorghum / Beans,501
Sorghum / Beans,501
Sorghum / Beans,501
Sorghum / Beans,501
Sorghum / Beans,501
Sorghum / Beans,501
Sorghum / Beans,501
Sorghum / Beans,501
Sorghum / Beans,501
Sorghum / Beans,501
Sorghum / Beans,501
Sorghum / Beans,501
Sorghum / Beans,501
Sorghum / Beans,501
Sorghum / Beans,501
Sorghum / Beans,501
Sorghum / Beans,501
Sorghum / Beans,501
Maize / Beans,502
Maize / Beans,502
Maize / Beans,502
Maize / Beans,502
Maize / Beans,502
Maize / Beans,502
Maize / Beans,502
Maize / Beans,502
Maize / Beans,502
Maize / Beans,502
Maize / Beans,502
Sorghum,504
Sorghum,504
Sorghum,504
Sorghum,504
Sorghum,504
Sorghum,504
Sorghum,504
Sorghum,504
Sorghum,504
Sorghum,504
Sorghum,504
Sorghum,504
Sorghum,504
Sorghum,504
Sorghum,504
Sorghum,504
Sorghum / Beans,505
Sorghum / Beans,505
Sorghum / Beans,505
Sorghum / Beans,505
Sorghum / Beans,505
Sorghum / Beans,505
Sorghum / Beans,505
Sorghum / Beans,505
Sorghum / Beans,505
Sorghum / Beans,505
Sorghum / Beans,505
Sorghum / Beans,505
Sorghum / Beans,505
Sorghum / Beans,505
Sorghum / Beans,505
Sorghum / Beans,505
Sorghum / Beans,505
Sorghum / Beans,505
Sorghum / Beans,505
Sorghum / Beans,505
Sorghum / Beans,505
Sorghum / Beans,505
Sorghum / Beans,505
Sorghum / Beans,505
Sorghum / Beans,505
Beans,506
Beans,506
Beans,506
Beans,506
Maize,507
Maize,507
Maize,507
Maize,507
Maize,507
Maize,507
Maize,507
Maize,507
Maize,507
Maize,507
Maize,507
Maize,507
Maize,507
Maize,507
Maize,507
Maize,507
Maize,507
Maize,507
Maize,507
Maize,507
Maize,507
Maize,507
Maize,507
Maize,507
Maize,507
Maize,507
Maize,507
Maize,507
Maize,507
Maize,507
Maize,507
Maize,507
Maize,507
Maize,507
Maize,507
Maize,507
Maize,507
Maize,507
Maize,507
Maize,507
Maize,507
Maize,507
Maize,507
Maize,507
Maize,507
Maize,507
Maize,507
Maize,507
Maize,507
Maize,507
Maize,507
Maize,507
Maize,507
Maize,507
Maize,507
Maize,507
Maize,507
Maize,507
Maize,507
Maize,507
Maize,507
Maize,507
Maize,507
Maize,507
Maize,507
Maize,507
Maize,507
Maize,507
Maize,507
Maize,507
Maize,507
Maize,507
Maize,508
Maize,508
Maize,508
Maize,508
Maize,508
Maize,508
Maize,508
Maize,508
Maize,508
Maize,508
Maize,508
Maize,508
Maize,508
Maize,508
Maize,508
Maize,508
Maize,508
Maize,508
Maize,508
Maize,508
Maize,508
Maize,508
Maize,508
Other,509
Other,509
Other,509
Other,509
Other,509
Other,509
Other,509
Other,509
Other,509
Other,509
Other,509
Other,509
Other,509
Other,509
Other,509
Other,509
Maize,510
Maize,510
Maize,510
Maize,510
Maize,510
Maize,510
Other,512
Other,512
Other,512
Other,512
Other,512
Other,512
Other,512
Other,512
Other,512
Other,513
Other,513
Other,513
Other,513
Other,513
Other,513
Other,513
Other,513
Other,513
Beans,514
Beans,514
Beans,514
Fallow,515
Fallow,515
Fallow,515
Other,516
Other,516
Other,516
Other,516
Other,516
Other,516
Other,516
Other,516
Other,516
Other,516
Other,516
Other,516
Rice,517
Rice,517
Rice,517
Rice,517
Rice,517
Rice,517
Rice,517
Rice,517
Rice,517
Rice,517
Rice,517
Rice,517
Rice,517
Rice,517
Rice,517
Maize,518
Maize,518
Maize,519
Maize,519
Maize,519
Maize,519
Maize,519
Maize,519
Maize,519
Maize,519
Maize,519
Maize,519
Maize,519
Maize,519
Maize,519
Maize,519
Maize,519
Maize,519
Other,520
Other,520
Other,520
Other,520
Other,520
Other,520
Other,520
Other,520
Other,520
Sorghum,521
Sorghum,521
Sorghum,521
Sorghum,521
Sorghum,521
Sorghum,521
Sorghum,521
Other,522
Other,522
Other,522
Other,522
Other,522
Other,522
Other,522
Other,522
Other,522
Other,522
Other,522
Other,522
Sorghum / Beans,523
Sorghum / Beans,523
Sorghum / Beans,523
Sorghum / Beans,523
Sorghum / Beans,523
Sorghum,525
Sorghum,525
Sorghum,525
Sorghum,525
Sorghum,526
Sorghum,526
Sorghum,526
Sorghum,526
Sorghum,526
Sorghum,526
Sorghum,526
Maize,527
Maize,527
Maize,527
Maize,527
Maize,527
Maize,527
Maize,527
Maize,527
Maize,527
Maize,527
Fallow,528
Fallow,528
Fallow,528
Fallow,528
Beans,529
Beans,529
Beans,529
Beans,529
Beans,529
Beans,529
Millet / Sorghum,530
Millet / Sorghum,530
Millet / Sorghum,530
Millet / Sorghum,530
Millet / Sorghum,530
Millet / Sorghum,530
Millet / Sorghum,530
Groundnuts / Beans,531
Groundnuts / Beans,531
Groundnuts / Beans,531
Groundnuts / Beans,531
Beans,532
Beans,532
Beans,532
Beans,532
Beans,532
Beans,532
Beans,532
Beans,532
Beans,532
Beans,532
Beans,532
Maize,533
Maize,533
Maize,533
Maize,533
Maize,533
Maize,533
Maize,533
Other,534
Maize,536
Maize,536
Maize,536
Rice,538
Rice,538
Rice,538
Millet / Sorghum,539
Millet / Sorghum,539
Millet / Sorghum,539
Millet / Sorghum,539
Millet / Sorghum,539
Millet / Sorghum,539
Millet / Sorghum,539
Millet / Sorghum,539
Millet / Sorghum,539
Millet / Sorghum,539
Millet / Sorghum,539
Sorghum,540
Sorghum,540
Sorghum,540
Sorghum,540
Sorghum,540
Sorghum,540
Sorghum,540
Sorghum,540
Rice,541
Rice,541
Rice,541
Rice,541
Rice,541
Sorghum / Beans,542
Sorghum / Beans,542
Sorghum / Beans,542
Sorghum / Beans,542
Sorghum / Beans,542
Sorghum / Beans,542
Sorghum / Beans,542
Sorghum,543
Sorghum,543
Other,544
Other,544
Other,544
Other,544
Other,545
Other,545
Other,546
Other,546
Other,546
Maize,547
Maize / Beans,548
Rice,550
Rice,550
Rice,551
Rice,552
Sorghum,553
Sorghum,553
Beans,554
Rice,555
Rice,555
Other,556
Maize,557
Maize,557
Maize,558
Maize,558
Maize,558
Maize,558
Maize,558
Maize,559
Maize,559
Maize,559
Maize,559
Rice,560
Rice,560
Rice,560
Sorghum,561
Sorghum,561
Sorghum,561
Sorghum,561
Sorghum,561
Sorghum,561
Sorghum,561
Sorghum,561
Sorghum,561
Sorghum,561
Sorghum,561
Groundnuts / Beans,562
Groundnuts / Beans,562
Groundnuts / Beans,562
Groundnuts / Beans,562
Beans,563
Beans,563
Beans,563
Beans,563
Beans,563
Beans,563
Fallow,564
Fallow,564
Fallow,564
Fallow,564
Fallow,564
Fallow,564
Groundnuts,565
Groundnuts,565
Groundnuts,565
Groundnuts,565
Maize,566
Maize,566
Maize,566
Maize,566
Maize,566
Maize,566
Maize,566
Maize,566
Maize,566
Maize,566
Maize,566
Maize,566
Maize,566
Maize,566
Maize,566
Maize,566
Maize,566
Maize,566
Maize,566
Maize,566
Maize,566
Maize,566
Maize,566
Maize,566
Maize,566
Maize,566
Maize,566
Maize,566
Maize,566
Maize,566
Maize,566
Maize,566
Maize,566
Maize,566
Sorghum,567
Sorghum,567
Sorghum,567
Sorghum,567
Sorghum,567
Sorghum,567
Sorghum,567
Sorghum,567
Sorghum,567
Sorghum,567
Rice,568
Rice,568
Rice,568
Maize,569
Maize,569
Maize,569
Maize,569
Maize,569
Rice,570
Rice,570
Rice,570
Rice,570
Rice,570
Rice,570
Maize,571
Maize,571
Maize,571
Maize,571
Maize,571
Maize,571
Maize,571
Rice,572
Rice,572
Rice,572
Rice,572
Rice,572
Rice,573
Rice,573
Rice,573
Rice,573
Beans,574
Beans,574
Beans,574
Beans,574
Beans,574
Beans,574
Beans,574
Beans,574
Beans,574
Sorghum,575
Sorghum,575
Sorghum,575
Sorghum,575
Sorghum,575
Sorghum,575
Sorghum,575
Sorghum,575
Sorghum,575
Sorghum,575
Other,578
Maize / Beans,579
Maize / Beans,579
Maize / Beans,579
Maize / Beans,579
Maize / Beans,579
Other,580
Other,580
Other,580
Other,580
Other,580
Other,580
Other,580
Other,580
Other,580
Other,580
Maize,584
Maize,584
Maize,584
Maize,584
Maize,584
Maize / Beans,585
Maize / Beans,585
Maize,586
Maize,586
Maize,586
Maize,586
Maize,586
Maize,586
Sorghum,588
Sorghum,589
Sorghum / Beans,590
Maize,591
Maize,591
Maize,591
Sorghum,592
Rice,593
Maize,594
Maize,594
Maize,594
Maize,594
Rice,595
Rice,595
Maize,596
Maize,596
Sorghum / Beans,597
Sorghum / Beans,597
Sorghum / Beans,597
Sorghum / Beans,597
Sorghum / Beans,597
Sorghum / Beans,597
Maize / Beans,599
Maize / Beans,599
Maize / Beans,599
Sorghum,600
Sorghum,600
Sorghum,600
Sorghum,600
Sorghum,600
Sorghum,600
Sorghum,600
Sorghum,600
Sorghum,600
Sorghum,600
Sorghum,600
Sorghum,600
Sorghum,600
Sorghum,600
Sorghum,600
Sorghum,600
Sorghum,600
Sorghum,600
Sorghum,600
Sorghum,600
Sorghum,600
Sorghum,600
Sorghum,600
Sorghum,600
Sorghum,600
Sorghum,600
Sorghum,600
Sorghum,600
Maize,604
Maize,604
Maize,604
Maize,604
Maize,604
Maize,604
Maize,604
Maize,604
Maize,604
Maize,604
Maize,604
Maize,604
Maize,604
Maize,604
Maize,604
Maize,604
Maize,604
Maize,604
Maize,604
Maize,604
Maize,604
Maize,604
Maize,604
Maize,604
Maize,604
Maize,604
Maize,604
Maize,604
Maize,604
Maize,604
Maize,604
Maize,604
Maize,604
Maize,604
Maize,604
Maize,604
Maize,604
Maize,604
Maize,604
Maize,604
Maize,604
Maize,604
Maize,604
Maize,604
Maize,604
Maize,604
Maize,604
Maize,604
Maize,604
Maize,604
Maize,604
Maize,604
Maize,604
Maize,604
Maize,604
Maize,604
Maize,604
Maize,604
Maize,604
Maize,604
Maize,604
Maize,604
Maize,604
Maize,604
Maize,604
Maize,604
Maize,604
Maize,604
Maize,604
Maize,604
Maize,604
Maize,604
Maize,604
Maize,604
Maize,604
Maize,604
Maize,604
Maize,604
Maize,604
Maize,604
Maize,604
Maize,604
Maize,604
Maize,604
Maize,604
Maize,604
Maize,604
Maize,604
Maize,604
Maize,604
Maize,604
Maize,604
Maize,604
Maize,604
Maize,604
Maize,604
Maize,604
Maize,604
Maize,604
Maize,604
Maize,604
Maize,604
Maize,604
Maize,604
Maize,604
Sorghum,605
Sorghum,605
Sorghum,605
Sorghum,605
Sorghum,605
Sorghum,605
Sorghum,605
Sorghum,605
Sorghum,605
Sorghum,605
Sorghum,605
Sorghum,605
Sorghum,605
Millet,606
Millet,606
Millet,606
Millet,606
Millet,606
Millet,606
Millet,606
Millet,606
Millet,606
Millet,606
Millet,606
Millet,606
Millet,606
Millet,606
Millet,606
Maize,607
Maize,607
Maize,607
Maize,607
Maize,607
Maize,607
Maize,607
Maize,607
Maize,607
Maize,607
Maize,607
Maize,607
Maize,607
Maize,607
Millet / Sorghum,608
Millet / Sorghum,608
Millet / Sorghum,608
Millet / Sorghum,608
Millet / Sorghum,608
Millet / Sorghum,608
Millet / Sorghum,608
Millet / Sorghum,608
Millet / Sorghum,608
Millet / Sorghum,608
Millet / Sorghum,608
Millet / Sorghum,608
Millet / Sorghum,608
Millet / Sorghum,608
Millet / Sorghum,608
Millet / Sorghum,608
Millet / Sorghum,608
Millet / Sorghum,608
Millet / Sorghum,608
Millet / Sorghum,608
Millet / Sorghum,608
Millet / Sorghum,608
Millet / Sorghum,608
Millet / Sorghum,608
Millet / Sorghum,608
Millet / Sorghum,608
Millet / Sorghum,608
Millet / Sorghum,608
Sorghum,609
Sorghum,609
Sorghum,609
Sorghum,609
Sorghum,609
Sorghum,609
Sorghum,609
Sorghum,609
Sorghum,609
Sorghum,609
Maize,610
Maize,610
Maize,610
Maize,610
Maize,610
Maize,610
Maize,610
Maize,610
Maize,610
Maize,610
Maize,610
Maize,610
Maize,610
Maize,610
Maize,610
Maize,610
Maize,610
Maize,610
Maize,610
Maize,610
Maize,610
Maize,610
Maize,610
Maize,610
Maize,610
Maize,610
Maize,610
Maize,610
Maize,610
Maize,610
Maize,610
Maize,610
Maize,610
Maize,610
Maize,610
Maize,610
Maize,610
Maize,610
Maize,610
Maize,610
Maize / Beans,611
Maize / Beans,611
Maize / Beans,611
Maize / Beans,611
Maize / Beans,611
Maize / Beans,611
Maize / Beans,611
Maize / Beans,611
Maize / Beans,611
Maize / Beans,612
Maize / Beans,612
Maize / Beans,612
Maize / Beans,612
Maize / Beans,612
Maize / Beans,612
Maize / Beans,612
Maize / Beans,612
Maize / Beans,612
Maize / Beans,612
Maize / Beans,612
Maize / Beans,612
Maize / Beans,612
Maize / Beans,612
Maize / Beans,612
Maize / Beans,612
Maize / Beans,612
Maize / Beans,612
Maize / Beans,612
Maize / Beans,612
Maize / Beans,612
Maize / Beans,612
Maize / Beans,612
Maize / Beans,612
Maize / Beans,612
Maize / Beans,612
Maize / Beans,612
Maize / Beans,612
Maize / Beans,612
Maize / Beans,612
Maize / Beans,612
Maize / Beans,612
Maize / Beans,612
Maize / Beans,612
Maize / Beans,612
Maize / Beans,612
Maize / Beans,612
Maize / Beans,612
Maize / Beans,612
Maize / Beans,612
Maize / Beans,612
Millet,613
Millet,613
Millet,613
Millet,613
Millet,613
Millet,613
Millet,613
Millet,613
Millet,613
Millet,613
Millet,613
Millet,613
Millet,613
Millet,613
Millet,613
Millet,613
Millet,613
Millet,613
Millet,613
Millet,613
Millet,613
Millet,613
Millet,613
Millet,613
Millet,613
Millet,613
Millet,613
Millet,613
Millet,613
Millet,613
Maize,614
Maize,614
Maize,614
Maize,614
Maize,614
Maize,614
Maize,614
Maize,614
Maize,614
Maize,614
Maize,614
Maize,614
Maize,614
Maize,614
Maize,614
Maize,614
Maize,614
Maize,614
Maize,614
Maize,614
Maize,614
Maize,614
Maize,614
Maize,614
Maize,614
Maize,614
Maize,614
Maize,614
Maize,614
Maize,614
Maize,614
Maize,614
Maize,614
Maize,614
Maize,614
Maize,614
Maize,614
Maize,614
Maize,614
Sorghum,615
Sorghum,615
Sorghum / Beans,616
Sorghum / Beans,616
Sorghum / Beans,616
Sorghum / Beans,616
Sorghum / Beans,616
Sorghum / Beans,616
Sorghum / Beans,616
Sorghum / Beans,616
Sorghum / Beans,616
Sorghum / Beans,616
Sorghum / Beans,616
Sorghum / Beans,616
Sorghum / Beans,616
Sorghum / Beans,616
Sorghum / Beans,616
Sorghum / Beans,616
Sorghum / Beans,616
Sorghum / Beans,616
Sorghum / Beans,616
Sorghum / Beans,616
Sorghum / Beans,616
Sorghum / Beans,616
Sorghum / Beans,616
Sorghum / Beans,616
Sorghum / Beans,616
Sorghum / Beans,616
Sorghum / Beans,616
Sorghum / Beans,616
Sorghum / Beans,616
Sorghum / Beans,616
Sorghum / Beans,616
Sorghum / Beans,616
Sorghum / Beans,616
Sorghum / Beans,616
Sorghum / Beans,616
Groundnuts,617
Groundnuts,617
Groundnuts,617
Groundnuts,617
Groundnuts,617
Groundnuts,617
Groundnuts,617
Groundnuts,617
Groundnuts,617
Groundnuts,617
Groundnuts,617
Groundnuts,617
Groundnuts,617
Groundnuts,617
Groundnuts,617
Groundnuts,617
Groundnuts,617
Groundnuts,617
Groundnuts,617
Groundnuts,617
Groundnuts,617
Groundnuts,617
Groundnuts,617
Groundnuts,617
Groundnuts,617
Groundnuts,617
Groundnuts,617
Groundnuts,617
Groundnuts,617
Groundnuts,617
Groundnuts,617
Groundnuts,617
Groundnuts,617
Groundnuts,617
Groundnuts,617
Groundnuts,617
Groundnuts,617
Groundnuts,617
Groundnuts,617
Groundnuts,617
Groundnuts,617
Groundnuts,617
Groundnuts,617
Groundnuts,617
Groundnuts,617
Groundnuts,617
Groundnuts,617
Groundnuts,617
Groundnuts,617
Groundnuts,617
Groundnuts,617
Groundnuts,617
Groundnuts,617
Groundnuts,617
Groundnuts,617
Groundnuts,617
Beans,620
Beans,620
Beans,620
Beans,620
Beans,620
Beans,620
Beans,620
Beans,620
Beans,620
Beans,620
Beans,620
Beans,620
Beans,620
Beans,620
Beans,620
Beans,620
Beans,620
Beans,620
Beans,620
Beans,620
Beans,620
Beans,620
Beans,620
Beans,620
Beans,620
Beans,620
Beans,620
Beans,620
Beans,620
Beans,620
Beans,620
Rice,621
Rice,621
Rice,621
Rice,621
Rice,621
Rice,621
Rice,621
Rice,621
Rice,621
Rice,621
Rice,621
Rice,621
Rice,621
Rice,621
Rice,621
Rice,621
Rice,621
Rice,621
Rice,621
Rice,621
Rice,621
Rice,621
Rice,621
Rice,621
Rice,621
Rice,621
Rice,621
Rice,621
Rice,621
Rice,621
Rice,621
Rice,621
Rice,621
Rice,621
Rice,621
Rice,621
Rice,622
Rice,622
Rice,622
Rice,622
Rice,622
Rice,622
Rice,622
Rice,622
Rice,622
Rice,623
Rice,623
Rice,623
Rice,623
Rice,623
Rice,623
Rice,623
Rice,623
Rice,623
Rice,623
Rice,623
Rice,623
Rice,624
Rice,624
Rice,624
Rice,624
Rice,624
Rice,624
Rice,624
Rice,624
Rice,624
Rice,624
Rice,624
Rice,624
Rice,624
Rice,624
Rice,624
Rice,624
Rice,625
Rice,625
Rice,625
Rice,625
Rice,625
Rice,625
Rice,625
Rice,625
Rice,625
Rice,625
Rice,625
Rice,625
Rice,625
Beans,626
Beans,626
Beans,626
Beans,626
Beans,626
Beans,626
Beans,626
Beans,626
Beans,626
Beans,626
Rice,627
Rice,627
Rice,627
Rice,627
Rice,627
Rice,627
Rice,627
Rice,627
Rice,627
Rice,627
Rice,627
Rice,627
Rice,627
Rice,627
Rice,627
Rice,627
Rice,627
Rice,627
Rice,627
Rice,627
Rice,627
Rice,627
Rice,627
Rice,627
Rice,627
Rice,627
Rice,627
Rice,627
Rice,627
Rice,627
Rice,627
Rice,627
Rice,627
Rice,627
Rice,627
Rice,627
Rice,627
Rice,627
Rice,627
Rice,627
Rice,627
Rice,627
Rice,627
Rice,627
Rice,627
Rice,627
Rice,627
Rice,627
Rice,627
Rice,627
Rice,627
Rice,627
Rice,627
Rice,627
Rice,627
Rice,627
Rice,627
Rice,627
Rice,627
Rice,627
Rice,627
Rice,627
Rice,627
Rice,627
Rice,627
Rice,627
Rice,627
Rice,627
